date,country,is_holiday,website_traffic,add_to_carts,conversion_rate
2024-01-01,AT,1,9503,687,0.0241
2024-01-01,CH,1,10736,592,0.0194
2024-01-01,DE,1,17190,898,0.0205
2024-01-02,AT,0,8541,503,0.0234
2024-01-02,CH,1,11334,447,0.0162
2024-01-02,DE,0,16806,1219,0.0256
2024-01-03,AT,0,9015,540,0.0229
2024-01-03,CH,0,9609,515,0.0199
2024-01-03,DE,0,17525,887,0.0194
2024-01-04,AT,0,7330,379,0.0219
2024-01-04,CH,0,8770,602,0.0241
2024-01-04,DE,0,18016,1045,0.023
2024-01-05,AT,0,8291,406,0.0177
2024-01-05,CH,0,9556,665,0.0249
2024-01-05,DE,0,17557,668,0.0139
2024-01-06,AT,1,7114,400,0.0221
2024-01-06,CH,1,8388,511,0.0243
2024-01-06,DE,1,17896,1207,0.022
2024-01-07,AT,0,6687,549,0.0276
2024-01-07,CH,0,8918,494,0.0208
2024-01-07,DE,0,14017,821,0.0218
2024-01-08,AT,0,8048,482,0.0209
2024-01-08,CH,0,8917,601,0.0253
2024-01-08,DE,0,17342,972,0.0206
2024-01-09,AT,0,8593,417,0.0181
2024-01-09,CH,0,9133,506,0.0198
2024-01-09,DE,0,18835,1312,0.0258
2024-01-10,AT,0,6520,506,0.0249
2024-01-10,CH,0,9812,613,0.0224
2024-01-10,DE,0,18784,993,0.0185
2024-01-11,AT,0,7856,300,0.0136
2024-01-11,CH,0,11331,576,0.0196
2024-01-11,DE,0,16299,1270,0.0248
2024-01-12,AT,0,7165,378,0.0187
2024-01-12,CH,0,8804,596,0.0232
2024-01-12,DE,0,17307,597,0.0133
2024-01-13,AT,0,6941,344,0.0193
2024-01-13,CH,0,8180,374,0.0181
2024-01-13,DE,0,16912,1066,0.0229
2024-01-14,AT,0,6862,332,0.0196
2024-01-14,CH,0,8748,579,0.0236
2024-01-14,DE,0,16607,1109,0.0227
2024-01-15,AT,0,7566,447,0.0222
2024-01-15,CH,0,8930,530,0.0218
2024-01-15,DE,0,18948,1382,0.0263
2024-01-16,AT,0,6807,358,0.0245
2024-01-16,CH,0,9686,639,0.0241
2024-01-16,DE,0,18925,972,0.0199
2024-01-17,AT,0,7486,384,0.0188
2024-01-17,CH,0,10080,590,0.0212
2024-01-17,DE,0,20188,1256,0.0218
2024-01-18,AT,0,8194,522,0.0249
2024-01-18,CH,0,10039,420,0.0159
2024-01-18,DE,0,17694,905,0.0189
2024-01-19,AT,0,8211,419,0.0217
2024-01-19,CH,0,9097,451,0.0188
2024-01-19,DE,0,19761,1068,0.0229
2024-01-20,AT,0,7946,353,0.016
2024-01-20,CH,0,9377,487,0.018
2024-01-20,DE,0,14930,1080,0.0272
2024-01-21,AT,0,7024,401,0.022
2024-01-21,CH,0,7013,379,0.0198
2024-01-21,DE,0,12757,999,0.0276
2024-01-22,AT,0,8380,349,0.0155
2024-01-22,CH,0,10001,671,0.0235
2024-01-22,DE,0,17389,999,0.0197
2024-01-23,AT,0,7404,384,0.0186
2024-01-23,CH,0,9201,512,0.0194
2024-01-23,DE,0,16646,1169,0.025
2024-01-24,AT,0,8556,483,0.0198
2024-01-24,CH,0,9336,381,0.0165
2024-01-24,DE,0,17885,1025,0.0215
2024-01-25,AT,0,7834,370,0.0179
2024-01-25,CH,0,8713,540,0.0227
2024-01-25,DE,0,19146,817,0.018
2024-01-26,AT,0,7589,392,0.0186
2024-01-26,CH,0,10090,537,0.0195
2024-01-26,DE,0,18467,1198,0.0232
2024-01-27,AT,0,6929,253,0.0154
2024-01-27,CH,0,8730,485,0.0199
2024-01-27,DE,0,15783,896,0.0199
2024-01-28,AT,0,7045,352,0.0181
2024-01-28,CH,0,7772,402,0.0197
2024-01-28,DE,0,15162,771,0.0193
2024-01-29,AT,0,8348,334,0.0166
2024-01-29,CH,0,8477,501,0.0227
2024-01-29,DE,0,20682,864,0.0149
2024-01-30,AT,0,8975,521,0.0222
2024-01-30,CH,0,9510,601,0.0227
2024-01-30,DE,0,14855,800,0.0206
2024-01-31,AT,0,7144,337,0.0192
2024-01-31,CH,0,10068,543,0.0207
2024-01-31,DE,0,14216,834,0.0224
2024-02-01,AT,0,8420,449,0.0183
2024-02-01,CH,0,9431,343,0.0151
2024-02-01,DE,0,14193,1014,0.0239
2024-02-02,AT,0,7518,341,0.0173
2024-02-02,CH,0,8369,407,0.0175
2024-02-02,DE,0,19846,1196,0.0223
2024-02-03,AT,0,5183,284,0.0206
2024-02-03,CH,0,7591,442,0.0197
2024-02-03,DE,0,17044,1341,0.0269
2024-02-04,AT,0,7289,307,0.0144
2024-02-04,CH,0,7999,474,0.0236
2024-02-04,DE,0,13934,843,0.0217
2024-02-05,AT,0,8376,571,0.0254
2024-02-05,CH,0,9324,433,0.0177
2024-02-05,DE,0,14649,1046,0.0226
2024-02-06,AT,0,8511,383,0.0159
2024-02-06,CH,0,10218,425,0.015
2024-02-06,DE,0,18507,1324,0.0262
2024-02-07,AT,0,7258,273,0.0152
2024-02-07,CH,0,9703,442,0.0189
2024-02-07,DE,0,17384,984,0.0223
2024-02-08,AT,0,7803,392,0.0181
2024-02-08,CH,0,9561,502,0.0191
2024-02-08,DE,0,15982,1208,0.0254
2024-02-09,AT,0,6530,263,0.0136
2024-02-09,CH,0,9518,671,0.0266
2024-02-09,DE,0,15939,1042,0.0244
2024-02-10,AT,0,7337,343,0.0173
2024-02-10,CH,0,7503,445,0.0216
2024-02-10,DE,0,15690,1028,0.0226
2024-02-11,AT,0,7408,454,0.0225
2024-02-11,CH,0,9276,614,0.0239
2024-02-11,DE,0,15338,1098,0.0259
2024-02-12,AT,0,8568,427,0.0184
2024-02-12,CH,0,10751,465,0.0168
2024-02-12,DE,0,18483,1046,0.0181
2024-02-13,AT,0,7787,409,0.02
2024-02-13,CH,0,8707,414,0.0196
2024-02-13,DE,0,18239,1019,0.0235
2024-02-14,AT,0,7851,412,0.0211
2024-02-14,CH,0,10043,488,0.0202
2024-02-14,DE,0,16204,1131,0.0253
2024-02-15,AT,0,8362,390,0.0176
2024-02-15,CH,0,8631,546,0.0221
2024-02-15,DE,0,14485,924,0.0246
2024-02-16,AT,0,7592,384,0.0223
2024-02-16,CH,0,11207,973,0.0312
2024-02-16,DE,0,19722,1118,0.0207
2024-02-17,AT,0,7330,402,0.0186
2024-02-17,CH,0,7528,280,0.0135
2024-02-17,DE,0,16840,752,0.0179
2024-02-18,AT,0,6493,416,0.0208
2024-02-18,CH,0,7660,385,0.0195
2024-02-18,DE,0,14955,869,0.0239
2024-02-19,AT,0,7605,521,0.0253
2024-02-19,CH,0,9379,633,0.0247
2024-02-19,DE,0,14872,916,0.0239
2024-02-20,AT,0,8091,493,0.0212
2024-02-20,CH,0,9364,384,0.0174
2024-02-20,DE,0,16882,627,0.0145
2024-02-21,AT,0,7318,330,0.0176
2024-02-21,CH,0,9084,577,0.0208
2024-02-21,DE,0,17488,1079,0.0243
2024-02-22,AT,0,7869,452,0.0202
2024-02-22,CH,0,9611,610,0.0244
2024-02-22,DE,0,20110,959,0.0186
2024-02-23,AT,0,8715,391,0.0176
2024-02-23,CH,0,8486,382,0.0176
2024-02-23,DE,0,19921,1121,0.0217
2024-02-24,AT,0,5908,458,0.0281
2024-02-24,CH,0,9848,511,0.0181
2024-02-24,DE,0,15012,1156,0.0257
2024-02-25,AT,0,7079,311,0.0163
2024-02-25,CH,0,7593,511,0.0243
2024-02-25,DE,0,14105,799,0.0209
2024-02-26,AT,0,8157,478,0.0201
2024-02-26,CH,0,9366,501,0.0209
2024-02-26,DE,0,15946,896,0.0208
2024-02-27,AT,0,9422,415,0.0177
2024-02-27,CH,0,9881,470,0.0194
2024-02-27,DE,0,19295,1282,0.0252
2024-02-28,AT,0,7183,556,0.0266
2024-02-28,CH,0,8407,547,0.0216
2024-02-28,DE,0,17163,1034,0.0233
2024-02-29,AT,0,7704,412,0.0211
2024-02-29,CH,0,9636,546,0.0206
2024-02-29,DE,0,18427,955,0.0207
2024-03-01,AT,0,8424,438,0.0197
2024-03-01,CH,1,11678,726,0.0238
2024-03-01,DE,0,15992,1112,0.0261
2024-03-02,AT,0,7157,386,0.0203
2024-03-02,CH,0,9087,614,0.0225
2024-03-02,DE,0,17472,925,0.0192
2024-03-03,AT,0,6792,489,0.0238
2024-03-03,CH,0,8401,340,0.0167
2024-03-03,DE,0,18503,742,0.0173
2024-03-04,AT,0,8211,520,0.0238
2024-03-04,CH,0,10911,785,0.027
2024-03-04,DE,0,19526,953,0.0181
2024-03-05,AT,0,7303,465,0.0233
2024-03-05,CH,0,9172,593,0.0261
2024-03-05,DE,0,16577,912,0.0219
2024-03-06,AT,0,6801,362,0.0199
2024-03-06,CH,0,8735,532,0.0233
2024-03-06,DE,0,17216,970,0.0226
2024-03-07,AT,0,7441,544,0.0262
2024-03-07,CH,0,9495,536,0.0204
2024-03-07,DE,0,16397,783,0.0198
2024-03-08,AT,0,8763,521,0.0219
2024-03-08,CH,0,10703,645,0.0213
2024-03-08,DE,1,18517,1136,0.0234
2024-03-09,AT,0,6213,353,0.021
2024-03-09,CH,0,6739,355,0.0208
2024-03-09,DE,0,14853,798,0.0209
2024-03-10,AT,0,5951,299,0.0191
2024-03-10,CH,0,7358,347,0.0179
2024-03-10,DE,0,16171,1097,0.026
2024-03-11,AT,0,8090,472,0.0226
2024-03-11,CH,0,10283,455,0.0164
2024-03-11,DE,0,18264,1021,0.0202
2024-03-12,AT,0,8129,351,0.0204
2024-03-12,CH,0,9086,523,0.0199
2024-03-12,DE,0,19966,1066,0.0228
2024-03-13,AT,0,7459,436,0.0248
2024-03-13,CH,0,9960,682,0.0257
2024-03-13,DE,0,18215,1224,0.0253
2024-03-14,AT,0,7879,532,0.0265
2024-03-14,CH,0,8904,494,0.0202
2024-03-14,DE,0,19068,851,0.0186
2024-03-15,AT,0,7801,387,0.0164
2024-03-15,CH,0,9650,451,0.0172
2024-03-15,DE,0,17722,698,0.0149
2024-03-16,AT,0,6735,423,0.0212
2024-03-16,CH,0,8434,773,0.0298
2024-03-16,DE,0,16988,594,0.0143
2024-03-17,AT,0,7189,331,0.0179
2024-03-17,CH,0,7630,367,0.02
2024-03-17,DE,0,13810,753,0.0208
2024-03-18,AT,0,8147,348,0.0188
2024-03-18,CH,0,8994,584,0.0221
2024-03-18,DE,0,19703,1342,0.0243
2024-03-19,AT,1,8538,459,0.0178
2024-03-19,CH,1,9764,459,0.0207
2024-03-19,DE,0,17729,1002,0.0224
2024-03-20,AT,0,7924,361,0.0178
2024-03-20,CH,0,9360,419,0.0173
2024-03-20,DE,0,18850,924,0.0171
2024-03-21,AT,0,6473,322,0.0172
2024-03-21,CH,0,8750,424,0.0207
2024-03-21,DE,0,19368,1121,0.0217
2024-03-22,AT,0,9366,591,0.0235
2024-03-22,CH,0,8245,572,0.0285
2024-03-22,DE,0,18130,549,0.011
2024-03-23,AT,0,6522,358,0.0177
2024-03-23,CH,0,7449,670,0.0274
2024-03-23,DE,0,15069,891,0.0208
2024-03-24,AT,0,6670,564,0.0284
2024-03-24,CH,0,7393,403,0.0197
2024-03-24,DE,0,15122,687,0.017
2024-03-25,AT,0,6577,315,0.0187
2024-03-25,CH,0,10978,510,0.0175
2024-03-25,DE,0,17606,1029,0.0214
2024-03-26,AT,0,7743,531,0.0208
2024-03-26,CH,0,10164,600,0.0225
2024-03-26,DE,0,19137,900,0.0172
2024-03-27,AT,0,7043,433,0.0218
2024-03-27,CH,0,9385,402,0.0162
2024-03-27,DE,0,19531,797,0.0149
2024-03-28,AT,0,7798,415,0.0214
2024-03-28,CH,0,9272,523,0.0218
2024-03-28,DE,0,16578,822,0.0197
2024-03-29,AT,0,7874,496,0.0228
2024-03-29,CH,1,10893,789,0.0265
2024-03-29,DE,1,18956,1365,0.0294
2024-03-30,AT,0,7134,534,0.0259
2024-03-30,CH,0,8526,487,0.0212
2024-03-30,DE,0,13622,682,0.0164
2024-03-31,AT,1,7512,366,0.0189
2024-03-31,CH,0,7728,457,0.0221
2024-03-31,DE,1,16050,963,0.0229
2024-04-01,AT,1,8410,523,0.0239
2024-04-01,CH,1,12418,983,0.0285
2024-04-01,DE,1,17613,1246,0.0222
2024-04-02,AT,0,7143,285,0.0168
2024-04-02,CH,0,8847,444,0.0171
2024-04-02,DE,0,19692,1003,0.018
2024-04-03,AT,0,7635,302,0.0159
2024-04-03,CH,0,9724,518,0.0227
2024-04-03,DE,0,16190,694,0.0148
2024-04-04,AT,0,7523,340,0.0163
2024-04-04,CH,1,11322,689,0.0246
2024-04-04,DE,0,19327,1242,0.0247
2024-04-05,AT,0,8319,414,0.0191
2024-04-05,CH,0,9096,540,0.0219
2024-04-05,DE,0,17237,1131,0.0236
2024-04-06,AT,0,7114,334,0.0185
2024-04-06,CH,0,8047,440,0.0206
2024-04-06,DE,0,14685,613,0.0153
2024-04-07,AT,0,7516,510,0.0241
2024-04-07,CH,0,8378,479,0.0262
2024-04-07,DE,0,16703,793,0.0168
2024-04-08,AT,0,8449,353,0.0141
2024-04-08,CH,0,9297,554,0.0216
2024-04-08,DE,0,18022,1223,0.0236
2024-04-09,AT,0,8075,550,0.0245
2024-04-09,CH,0,9182,377,0.0149
2024-04-09,DE,0,16406,652,0.0153
2024-04-10,AT,0,7834,435,0.02
2024-04-10,CH,0,10976,492,0.0156
2024-04-10,DE,0,18900,924,0.0191
2024-04-11,AT,0,7581,434,0.024
2024-04-11,CH,0,9219,477,0.0208
2024-04-11,DE,0,14631,1137,0.0271
2024-04-12,AT,0,7419,537,0.0282
2024-04-12,CH,0,9214,663,0.0256
2024-04-12,DE,0,18712,1284,0.0244
2024-04-13,AT,0,6640,329,0.0179
2024-04-13,CH,0,9553,669,0.0251
2024-04-13,DE,0,14890,795,0.0204
2024-04-14,AT,0,6336,370,0.0204
2024-04-14,CH,0,9562,617,0.0225
2024-04-14,DE,0,18835,1126,0.0229
2024-04-15,AT,0,7309,497,0.0238
2024-04-15,CH,0,9246,502,0.0212
2024-04-15,DE,0,18233,955,0.0175
2024-04-16,AT,0,8540,614,0.0215
2024-04-16,CH,0,10346,498,0.0169
2024-04-16,DE,0,16458,1090,0.0228
2024-04-17,AT,0,8540,477,0.0221
2024-04-17,CH,0,9336,667,0.0251
2024-04-17,DE,0,18106,1043,0.0213
2024-04-18,AT,0,7731,611,0.026
2024-04-18,CH,0,11056,621,0.0236
2024-04-18,DE,0,17411,862,0.019
2024-04-19,AT,0,8837,513,0.0237
2024-04-19,CH,0,9442,414,0.0169
2024-04-19,DE,0,19830,1039,0.0206
2024-04-20,AT,0,7083,283,0.0167
2024-04-20,CH,0,9389,558,0.0232
2024-04-20,DE,0,14517,1022,0.0249
2024-04-21,AT,0,6932,455,0.0228
2024-04-21,CH,0,7510,389,0.0211
2024-04-21,DE,0,15992,904,0.0201
2024-04-22,AT,0,8148,466,0.0229
2024-04-22,CH,0,8926,577,0.0221
2024-04-22,DE,0,16486,958,0.0201
2024-04-23,AT,0,7726,279,0.0157
2024-04-23,CH,0,10020,359,0.013
2024-04-23,DE,0,18876,838,0.0176
2024-04-24,AT,0,8319,439,0.0184
2024-04-24,CH,0,9561,648,0.0224
2024-04-24,DE,0,17671,1107,0.027
2024-04-25,AT,0,8578,455,0.0188
2024-04-25,CH,0,7735,412,0.0189
2024-04-25,DE,0,17938,746,0.0162
2024-04-26,AT,0,7335,290,0.0145
2024-04-26,CH,0,8147,591,0.0262
2024-04-26,DE,0,16926,857,0.0195
2024-04-27,AT,0,6498,391,0.0195
2024-04-27,CH,0,8894,483,0.019
2024-04-27,DE,0,15234,701,0.0191
2024-04-28,AT,0,5854,327,0.0223
2024-04-28,CH,0,9059,542,0.0218
2024-04-28,DE,0,16293,1104,0.0236
2024-04-29,AT,0,8437,516,0.022
2024-04-29,CH,0,9731,467,0.018
2024-04-29,DE,0,15073,942,0.022
2024-04-30,AT,0,7136,377,0.0183
2024-04-30,CH,0,9369,607,0.0223
2024-04-30,DE,0,15875,893,0.021
2024-05-01,AT,1,9947,618,0.0247
2024-05-01,CH,1,9454,639,0.0226
2024-05-01,DE,1,22441,1579,0.0297
2024-05-02,AT,0,8037,644,0.0295
2024-05-02,CH,0,8864,440,0.0181
2024-05-02,DE,0,21427,1104,0.0178
2024-05-03,AT,0,8826,437,0.0184
2024-05-03,CH,0,10221,637,0.021
2024-05-03,DE,0,19028,932,0.0175
2024-05-04,AT,1,7880,489,0.0244
2024-05-04,CH,0,8902,599,0.0239
2024-05-04,DE,0,15077,949,0.0229
2024-05-05,AT,0,6291,452,0.0245
2024-05-05,CH,0,9996,466,0.0203
2024-05-05,DE,0,16864,956,0.0213
2024-05-06,AT,0,8861,659,0.0273
2024-05-06,CH,0,10871,573,0.0194
2024-05-06,DE,0,19226,1260,0.023
2024-05-07,AT,0,7581,554,0.0257
2024-05-07,CH,0,10619,400,0.0154
2024-05-07,DE,0,16453,737,0.0173
2024-05-08,AT,0,7110,345,0.0174
2024-05-08,CH,0,8130,412,0.0182
2024-05-08,DE,0,16522,1136,0.0238
2024-05-09,AT,1,8443,563,0.0229
2024-05-09,CH,1,10942,633,0.024
2024-05-09,DE,1,18981,1580,0.028
2024-05-10,AT,0,8332,494,0.0257
2024-05-10,CH,0,7524,415,0.0212
2024-05-10,DE,0,17883,977,0.0181
2024-05-11,AT,0,6940,389,0.0234
2024-05-11,CH,0,8606,550,0.0235
2024-05-11,DE,0,15141,854,0.0214
2024-05-12,AT,0,6386,311,0.0181
2024-05-12,CH,0,8830,540,0.0218
2024-05-12,DE,0,14005,627,0.0159
2024-05-13,AT,0,8942,637,0.0281
2024-05-13,CH,0,8897,496,0.0204
2024-05-13,DE,0,16266,1280,0.0317
2024-05-14,AT,0,8169,520,0.023
2024-05-14,CH,0,10201,561,0.0196
2024-05-14,DE,0,15519,1062,0.0228
2024-05-15,AT,0,8080,541,0.0221
2024-05-15,CH,0,9272,547,0.0206
2024-05-15,DE,0,17601,943,0.023
2024-05-16,AT,0,8573,423,0.0173
2024-05-16,CH,0,7795,308,0.0165
2024-05-16,DE,0,16432,657,0.0172
2024-05-17,AT,0,8426,544,0.0221
2024-05-17,CH,0,7504,398,0.0186
2024-05-17,DE,0,17684,566,0.0132
2024-05-18,AT,0,6900,407,0.0217
2024-05-18,CH,0,8053,509,0.0217
2024-05-18,DE,0,14488,728,0.0181
2024-05-19,AT,1,6108,356,0.0227
2024-05-19,CH,0,9252,570,0.0208
2024-05-19,DE,1,17208,1281,0.0261
2024-05-20,AT,1,7663,601,0.028
2024-05-20,CH,1,10536,545,0.0201
2024-05-20,DE,1,21226,1347,0.023
2024-05-21,AT,0,7779,408,0.019
2024-05-21,CH,0,8234,387,0.0179
2024-05-21,DE,0,18305,1031,0.0215
2024-05-22,AT,0,8495,415,0.0181
2024-05-22,CH,0,10187,667,0.027
2024-05-22,DE,0,16976,857,0.0181
2024-05-23,AT,0,8409,321,0.0142
2024-05-23,CH,0,9835,477,0.0174
2024-05-23,DE,0,17351,832,0.0187
2024-05-24,AT,0,7498,400,0.0205
2024-05-24,CH,0,9387,395,0.0146
2024-05-24,DE,0,15593,1034,0.0244
2024-05-25,AT,0,6870,502,0.0277
2024-05-25,CH,0,7814,371,0.0191
2024-05-25,DE,0,14042,865,0.0238
2024-05-26,AT,0,6964,504,0.028
2024-05-26,CH,0,7778,465,0.0225
2024-05-26,DE,0,13297,847,0.0246
2024-05-27,AT,0,9073,582,0.021
2024-05-27,CH,0,9781,645,0.0223
2024-05-27,DE,0,16855,1043,0.0211
2024-05-28,AT,0,8326,493,0.0221
2024-05-28,CH,0,9206,424,0.0158
2024-05-28,DE,0,17531,827,0.0168
2024-05-29,AT,0,7361,450,0.0213
2024-05-29,CH,0,9216,637,0.0249
2024-05-29,DE,0,16736,1247,0.0276
2024-05-30,AT,1,8569,497,0.0219
2024-05-30,CH,1,10326,772,0.0242
2024-05-30,DE,1,15377,1151,0.0243
2024-05-31,AT,0,8496,551,0.0253
2024-05-31,CH,0,11275,654,0.0212
2024-05-31,DE,0,19982,1367,0.0274
2024-06-01,AT,0,6377,427,0.0223
2024-06-01,CH,0,9065,452,0.018
2024-06-01,DE,0,16474,835,0.0185
2024-06-02,AT,0,7485,329,0.0166
2024-06-02,CH,0,8245,461,0.0221
2024-06-02,DE,0,13480,648,0.0187
2024-06-03,AT,0,7146,433,0.0201
2024-06-03,CH,0,8140,277,0.0137
2024-06-03,DE,0,18915,1240,0.0238
2024-06-04,AT,0,6801,264,0.0153
2024-06-04,CH,0,9107,561,0.02
2024-06-04,DE,0,15373,780,0.0199
2024-06-05,AT,0,8001,516,0.0232
2024-06-05,CH,0,10445,510,0.0176
2024-06-05,DE,0,18869,1380,0.0251
2024-06-06,AT,0,8625,375,0.0148
2024-06-06,CH,0,9151,501,0.02
2024-06-06,DE,0,16310,436,0.0114
2024-06-07,AT,0,7580,434,0.0236
2024-06-07,CH,0,10029,578,0.0198
2024-06-07,DE,0,19739,986,0.0196
2024-06-08,AT,0,6789,434,0.0218
2024-06-08,CH,0,7415,501,0.021
2024-06-08,DE,0,17475,1201,0.0254
2024-06-09,AT,0,5817,304,0.0211
2024-06-09,CH,0,8430,596,0.026
2024-06-09,DE,0,14822,835,0.0205
2024-06-10,AT,0,8154,572,0.0237
2024-06-10,CH,0,9996,554,0.0208
2024-06-10,DE,0,20020,1280,0.0225
2024-06-11,AT,0,7424,534,0.0242
2024-06-11,CH,0,8833,502,0.0225
2024-06-11,DE,0,19341,932,0.0169
2024-06-12,AT,0,6646,444,0.0231
2024-06-12,CH,0,10069,692,0.0248
2024-06-12,DE,0,17036,472,0.0122
2024-06-13,AT,0,7618,368,0.0168
2024-06-13,CH,0,9255,551,0.0226
2024-06-13,DE,0,15896,989,0.0229
2024-06-14,AT,0,6957,381,0.0204
2024-06-14,CH,0,10299,395,0.0146
2024-06-14,DE,0,17790,1211,0.0278
2024-06-15,AT,0,7223,348,0.0188
2024-06-15,CH,0,6784,317,0.0158
2024-06-15,DE,0,15187,855,0.0221
2024-06-16,AT,0,6846,530,0.0245
2024-06-16,CH,0,8930,396,0.0185
2024-06-16,DE,0,15263,700,0.0154
2024-06-17,AT,0,6741,369,0.0221
2024-06-17,CH,0,6965,423,0.0191
2024-06-17,DE,0,16426,1243,0.0281
2024-06-18,AT,0,8515,386,0.0177
2024-06-18,CH,0,9871,524,0.019
2024-06-18,DE,0,19119,1071,0.0208
2024-06-19,AT,0,7386,423,0.0207
2024-06-19,CH,0,8165,443,0.02
2024-06-19,DE,0,16580,981,0.0214
2024-06-20,AT,0,8139,415,0.021
2024-06-20,CH,0,9426,620,0.0238
2024-06-20,DE,0,16264,862,0.0206
2024-06-21,AT,0,8310,507,0.0208
2024-06-21,CH,0,10071,539,0.0186
2024-06-21,DE,0,21121,1314,0.0207
2024-06-22,AT,0,6353,263,0.0154
2024-06-22,CH,0,9476,420,0.0176
2024-06-22,DE,0,14956,798,0.0219
2024-06-23,AT,0,7577,434,0.0216
2024-06-23,CH,0,9258,561,0.0203
2024-06-23,DE,0,14612,958,0.0217
2024-06-24,AT,0,7189,486,0.0272
2024-06-24,CH,0,9121,648,0.0261
2024-06-24,DE,0,17849,1304,0.0258
2024-06-25,AT,0,7290,390,0.023
2024-06-25,CH,0,9720,676,0.0265
2024-06-25,DE,0,20063,1325,0.0208
2024-06-26,AT,0,8694,580,0.0232
2024-06-26,CH,0,8695,471,0.0194
2024-06-26,DE,0,16735,753,0.0183
2024-06-27,AT,0,8191,416,0.0204
2024-06-27,CH,0,8161,491,0.0232
2024-06-27,DE,0,21171,1330,0.0239
2024-06-28,AT,0,7701,378,0.0176
2024-06-28,CH,0,10481,336,0.0126
2024-06-28,DE,0,19467,1409,0.0234
2024-06-29,AT,0,7278,528,0.0262
2024-06-29,CH,1,7711,426,0.0201
2024-06-29,DE,0,13104,685,0.0201
2024-06-30,AT,0,7350,382,0.02
2024-06-30,CH,0,8131,436,0.0201
2024-06-30,DE,0,12520,818,0.0247
2024-07-01,AT,0,8132,439,0.0196
2024-07-01,CH,0,9673,480,0.0175
2024-07-01,DE,0,18664,1435,0.0293
2024-07-02,AT,0,7055,357,0.0179
2024-07-02,CH,0,10066,632,0.0223
2024-07-02,DE,0,16836,1044,0.0214
2024-07-03,AT,0,8422,418,0.0176
2024-07-03,CH,0,9753,735,0.0281
2024-07-03,DE,0,16607,908,0.0188
2024-07-04,AT,0,7426,466,0.0211
2024-07-04,CH,0,9237,422,0.0184
2024-07-04,DE,0,18096,614,0.0138
2024-07-05,AT,0,8366,613,0.0238
2024-07-05,CH,0,8435,405,0.0179
2024-07-05,DE,0,19864,1133,0.0224
2024-07-06,AT,0,6356,285,0.0175
2024-07-06,CH,0,8513,459,0.0212
2024-07-06,DE,0,14991,898,0.021
2024-07-07,AT,0,6630,224,0.0128
2024-07-07,CH,0,8934,562,0.0236
2024-07-07,DE,0,13363,664,0.0181
2024-07-08,AT,0,7417,487,0.0237
2024-07-08,CH,0,8941,560,0.0229
2024-07-08,DE,0,17342,978,0.023
2024-07-09,AT,0,7378,484,0.0231
2024-07-09,CH,0,8261,472,0.0208
2024-07-09,DE,0,18062,1254,0.0248
2024-07-10,AT,0,7260,315,0.0193
2024-07-10,CH,0,8730,455,0.0217
2024-07-10,DE,0,17719,927,0.0207
2024-07-11,AT,0,7034,351,0.0184
2024-07-11,CH,0,10642,715,0.0254
2024-07-11,DE,0,17386,1182,0.0254
2024-07-12,AT,0,7136,336,0.0192
2024-07-12,CH,0,9810,304,0.0126
2024-07-12,DE,0,16098,850,0.0193
2024-07-13,AT,0,6890,430,0.0225
2024-07-13,CH,0,8046,394,0.0172
2024-07-13,DE,0,14713,936,0.0227
2024-07-14,AT,0,6793,273,0.0156
2024-07-14,CH,0,9750,416,0.0169
2024-07-14,DE,0,16443,1238,0.026
2024-07-15,AT,0,7514,399,0.0196
2024-07-15,CH,0,9701,634,0.0266
2024-07-15,DE,0,16028,767,0.0178
2024-07-16,AT,0,8800,525,0.0238
2024-07-16,CH,0,9712,629,0.0274
2024-07-16,DE,0,16789,746,0.017
2024-07-17,AT,0,8276,488,0.0232
2024-07-17,CH,0,8404,425,0.0195
2024-07-17,DE,0,16752,823,0.0186
2024-07-18,AT,0,8395,414,0.0204
2024-07-18,CH,0,10194,522,0.0218
2024-07-18,DE,0,19356,1341,0.0217
2024-07-19,AT,0,8119,468,0.0218
2024-07-19,CH,0,9940,557,0.019
2024-07-19,DE,0,17768,959,0.02
2024-07-20,AT,0,6763,352,0.0185
2024-07-20,CH,0,7798,411,0.0188
2024-07-20,DE,0,15576,1092,0.0225
2024-07-21,AT,0,6759,404,0.0216
2024-07-21,CH,0,8832,470,0.0226
2024-07-21,DE,0,14066,925,0.024
2024-07-22,AT,0,6989,282,0.0179
2024-07-22,CH,0,9960,475,0.0174
2024-07-22,DE,0,15025,1051,0.0237
2024-07-23,AT,0,8196,374,0.0168
2024-07-23,CH,0,8282,474,0.0226
2024-07-23,DE,0,16149,797,0.021
2024-07-24,AT,0,8060,458,0.0231
2024-07-24,CH,0,8403,542,0.0235
2024-07-24,DE,0,15517,997,0.0247
2024-07-25,AT,0,7754,633,0.0268
2024-07-25,CH,0,8975,611,0.0261
2024-07-25,DE,0,15753,891,0.0218
2024-07-26,AT,0,8493,470,0.0222
2024-07-26,CH,0,9527,538,0.0219
2024-07-26,DE,0,16758,975,0.0236
2024-07-27,AT,0,7224,415,0.0204
2024-07-27,CH,0,8615,431,0.0191
2024-07-27,DE,0,13984,871,0.0215
2024-07-28,AT,0,6399,356,0.0204
2024-07-28,CH,0,9278,357,0.0174
2024-07-28,DE,0,16921,912,0.0187
2024-07-29,AT,0,7972,468,0.0227
2024-07-29,CH,0,10877,852,0.0299
2024-07-29,DE,0,16264,1101,0.0274
2024-07-30,AT,0,6857,585,0.0267
2024-07-30,CH,0,7844,412,0.0199
2024-07-30,DE,0,19592,1136,0.0187
2024-07-31,AT,0,8114,338,0.0164
2024-07-31,CH,0,9337,449,0.0171
2024-07-31,DE,0,18431,834,0.0174
2024-08-01,AT,0,8157,515,0.0257
2024-08-01,CH,1,10943,552,0.0178
2024-08-01,DE,0,18730,1241,0.0247
2024-08-02,AT,0,7712,480,0.0217
2024-08-02,CH,0,11255,640,0.0216
2024-08-02,DE,0,17570,1133,0.0237
2024-08-03,AT,0,6576,288,0.0155
2024-08-03,CH,0,8159,444,0.0232
2024-08-03,DE,0,13452,670,0.0182
2024-08-04,AT,0,7472,430,0.0207
2024-08-04,CH,0,8387,505,0.0196
2024-08-04,DE,0,16890,1285,0.0267
2024-08-05,AT,0,7466,391,0.018
2024-08-05,CH,0,9351,622,0.0268
2024-08-05,DE,0,17952,1088,0.0236
2024-08-06,AT,0,8072,550,0.0227
2024-08-06,CH,0,10002,558,0.0221
2024-08-06,DE,0,17258,766,0.0181
2024-08-07,AT,0,7059,367,0.0191
2024-08-07,CH,0,9651,642,0.0252
2024-08-07,DE,0,18025,1107,0.0216
2024-08-08,AT,0,7403,467,0.0237
2024-08-08,CH,0,8053,424,0.0209
2024-08-08,DE,0,18360,1127,0.0218
2024-08-09,AT,0,7103,412,0.0212
2024-08-09,CH,0,9207,449,0.0207
2024-08-09,DE,0,17432,999,0.0224
2024-08-10,AT,0,7356,459,0.0224
2024-08-10,CH,0,7063,415,0.0227
2024-08-10,DE,0,15731,942,0.0233
2024-08-11,AT,0,6981,363,0.0203
2024-08-11,CH,0,6357,415,0.0237
2024-08-11,DE,0,15296,746,0.0188
2024-08-12,AT,0,8002,482,0.0198
2024-08-12,CH,0,8889,417,0.0164
2024-08-12,DE,0,15728,1165,0.0254
2024-08-13,AT,0,8742,563,0.0232
2024-08-13,CH,0,9798,800,0.0293
2024-08-13,DE,0,18346,1362,0.0279
2024-08-14,AT,0,7738,340,0.0166
2024-08-14,CH,0,9831,574,0.0204
2024-08-14,DE,0,22275,1238,0.0202
2024-08-15,AT,1,8658,575,0.0238
2024-08-15,CH,1,11037,784,0.0274
2024-08-15,DE,1,18560,1293,0.0243
2024-08-16,AT,0,8446,402,0.0186
2024-08-16,CH,0,9127,504,0.0193
2024-08-16,DE,0,17320,1295,0.0272
2024-08-17,AT,0,7672,476,0.0237
2024-08-17,CH,0,9379,475,0.0194
2024-08-17,DE,0,15595,773,0.0178
2024-08-18,AT,0,6720,375,0.0206
2024-08-18,CH,0,8498,494,0.0201
2024-08-18,DE,0,15041,722,0.0189
2024-08-19,AT,0,8131,665,0.0299
2024-08-19,CH,0,7574,348,0.0181
2024-08-19,DE,0,21708,1049,0.0201
2024-08-20,AT,0,8265,324,0.0151
2024-08-20,CH,0,7516,333,0.0176
2024-08-20,DE,0,16400,959,0.0208
2024-08-21,AT,0,8662,353,0.0224
2024-08-21,CH,0,9328,615,0.0249
2024-08-21,DE,0,18373,1103,0.0234
2024-08-22,AT,0,8273,527,0.0277
2024-08-22,CH,0,8618,521,0.0208
2024-08-22,DE,0,18036,833,0.0179
2024-08-23,AT,0,8866,289,0.0113
2024-08-23,CH,0,8665,433,0.0178
2024-08-23,DE,0,16054,787,0.0168
2024-08-24,AT,0,6780,241,0.0128
2024-08-24,CH,0,8100,508,0.0233
2024-08-24,DE,0,16168,1069,0.0244
2024-08-25,AT,0,7488,469,0.0223
2024-08-25,CH,0,8786,411,0.0174
2024-08-25,DE,0,16289,694,0.0148
2024-08-26,AT,0,7511,308,0.0145
2024-08-26,CH,0,9319,372,0.0167
2024-08-26,DE,0,17778,1144,0.0232
2024-08-27,AT,0,9028,518,0.025
2024-08-27,CH,0,10086,497,0.0198
2024-08-27,DE,0,15945,642,0.0158
2024-08-28,AT,0,6736,289,0.018
2024-08-28,CH,0,9417,527,0.0249
2024-08-28,DE,0,18389,1044,0.0234
2024-08-29,AT,0,7831,423,0.0224
2024-08-29,CH,0,8220,437,0.0178
2024-08-29,DE,0,15954,774,0.0185
2024-08-30,AT,0,8345,499,0.0231
2024-08-30,CH,0,9741,570,0.0237
2024-08-30,DE,0,15354,623,0.016
2024-08-31,AT,0,6680,249,0.0142
2024-08-31,CH,0,7432,454,0.0226
2024-08-31,DE,0,15343,692,0.0169
2024-09-01,AT,0,6790,406,0.0216
2024-09-01,CH,0,8673,486,0.0203
2024-09-01,DE,0,16675,729,0.0164
2024-09-02,AT,0,7971,441,0.0201
2024-09-02,CH,0,9635,654,0.0237
2024-09-02,DE,0,19113,965,0.0195
2024-09-03,AT,0,8503,485,0.0207
2024-09-03,CH,0,8115,309,0.0131
2024-09-03,DE,0,19332,1125,0.0199
2024-09-04,AT,0,7669,402,0.0187
2024-09-04,CH,0,10515,426,0.0174
2024-09-04,DE,0,18175,1006,0.0198
2024-09-05,AT,0,7410,448,0.0224
2024-09-05,CH,1,10543,846,0.0263
2024-09-05,DE,0,18004,1145,0.0246
2024-09-06,AT,0,7586,391,0.0199
2024-09-06,CH,0,9941,493,0.0197
2024-09-06,DE,0,17564,1037,0.0208
2024-09-07,AT,0,5780,354,0.0223
2024-09-07,CH,0,8273,412,0.02
2024-09-07,DE,0,13820,948,0.0246
2024-09-08,AT,0,7304,430,0.0191
2024-09-08,CH,0,9788,780,0.0272
2024-09-08,DE,0,13420,1065,0.0252
2024-09-09,AT,0,7533,337,0.0179
2024-09-09,CH,0,8712,591,0.024
2024-09-09,DE,0,19077,1347,0.026
2024-09-10,AT,0,6582,516,0.0264
2024-09-10,CH,0,9878,708,0.0254
2024-09-10,DE,0,14883,595,0.0145
2024-09-11,AT,0,8221,449,0.0179
2024-09-11,CH,0,10132,651,0.0232
2024-09-11,DE,0,16567,792,0.0178
2024-09-12,AT,0,7553,452,0.0201
2024-09-12,CH,0,7975,439,0.0213
2024-09-12,DE,0,18469,767,0.0159
2024-09-13,AT,0,8262,652,0.0287
2024-09-13,CH,0,8405,688,0.0269
2024-09-13,DE,0,19878,984,0.0172
2024-09-14,AT,0,6543,287,0.0189
2024-09-14,CH,0,9276,603,0.0219
2024-09-14,DE,0,14560,973,0.0229
2024-09-15,AT,0,6615,466,0.025
2024-09-15,CH,1,9101,535,0.0237
2024-09-15,DE,0,16240,969,0.0242
2024-09-16,AT,0,7814,375,0.0175
2024-09-16,CH,1,10823,612,0.0232
2024-09-16,DE,0,19254,954,0.018
2024-09-17,AT,0,8510,523,0.0225
2024-09-17,CH,0,9456,599,0.0207
2024-09-17,DE,0,17906,1124,0.0227
2024-09-18,AT,0,7240,360,0.024
2024-09-18,CH,0,10264,593,0.021
2024-09-18,DE,0,16170,756,0.0163
2024-09-19,AT,0,8068,580,0.03
2024-09-19,CH,0,9537,480,0.0203
2024-09-19,DE,0,17792,1198,0.025
2024-09-20,AT,0,7630,417,0.021
2024-09-20,CH,0,9370,422,0.0184
2024-09-20,DE,1,16815,1164,0.0264
2024-09-21,AT,0,7418,458,0.0227
2024-09-21,CH,0,8645,453,0.0224
2024-09-21,DE,0,15693,890,0.0187
2024-09-22,AT,0,7272,510,0.0211
2024-09-22,CH,0,8173,582,0.0245
2024-09-22,DE,0,14023,756,0.0198
2024-09-23,AT,0,7906,404,0.0217
2024-09-23,CH,0,10377,555,0.0211
2024-09-23,DE,0,15779,1056,0.0222
2024-09-24,AT,1,8160,536,0.027
2024-09-24,CH,0,8573,528,0.0222
2024-09-24,DE,0,16727,805,0.0224
2024-09-25,AT,0,6285,394,0.0211
2024-09-25,CH,0,10600,704,0.0248
2024-09-25,DE,0,17438,880,0.0199
2024-09-26,AT,0,7829,361,0.0198
2024-09-26,CH,0,8436,460,0.0199
2024-09-26,DE,0,19203,1016,0.0199
2024-09-27,AT,0,8117,443,0.0233
2024-09-27,CH,0,9327,486,0.019
2024-09-27,DE,0,16905,597,0.0143
2024-09-28,AT,0,7478,518,0.0237
2024-09-28,CH,0,7890,409,0.0188
2024-09-28,DE,0,16541,573,0.0136
2024-09-29,AT,0,7142,466,0.0233
2024-09-29,CH,0,7965,479,0.0219
2024-09-29,DE,0,14677,1135,0.0271
2024-09-30,AT,0,8409,295,0.0146
2024-09-30,CH,0,8525,491,0.0193
2024-09-30,DE,0,16622,1084,0.0256
2024-10-01,AT,0,7283,415,0.0205
2024-10-01,CH,0,8506,269,0.0136
2024-10-01,DE,0,19089,903,0.0162
2024-10-02,AT,0,8027,585,0.0249
2024-10-02,CH,0,9524,538,0.0211
2024-10-02,DE,0,16860,779,0.0174
2024-10-03,AT,0,7187,397,0.0218
2024-10-03,CH,0,10538,341,0.0116
2024-10-03,DE,1,19730,1179,0.0213
2024-10-04,AT,0,7667,342,0.0221
2024-10-04,CH,0,10835,484,0.0171
2024-10-04,DE,0,16581,1071,0.0232
2024-10-05,AT,0,8258,489,0.023
2024-10-05,CH,0,7704,362,0.0179
2024-10-05,DE,0,15141,804,0.0195
2024-10-06,AT,0,7963,429,0.0198
2024-10-06,CH,0,9326,673,0.0274
2024-10-06,DE,0,15978,1301,0.0282
2024-10-07,AT,0,7458,535,0.0268
2024-10-07,CH,0,11128,717,0.0211
2024-10-07,DE,0,19037,1697,0.0318
2024-10-08,AT,0,7904,561,0.0252
2024-10-08,CH,0,9420,560,0.0215
2024-10-08,DE,0,18263,1070,0.0235
2024-10-09,AT,0,7761,619,0.0249
2024-10-09,CH,0,12217,749,0.024
2024-10-09,DE,0,16800,914,0.0192
2024-10-10,AT,0,8022,469,0.0214
2024-10-10,CH,0,10328,530,0.0197
2024-10-10,DE,0,17225,1079,0.0215
2024-10-11,AT,0,8719,435,0.0189
2024-10-11,CH,0,10276,597,0.0211
2024-10-11,DE,0,18859,988,0.0204
2024-10-12,AT,0,5847,255,0.0169
2024-10-12,CH,0,8275,511,0.0222
2024-10-12,DE,0,16780,946,0.0237
2024-10-13,AT,0,6751,515,0.0272
2024-10-13,CH,0,6824,398,0.0233
2024-10-13,DE,0,14795,911,0.0216
2024-10-14,AT,0,7159,392,0.0185
2024-10-14,CH,0,8266,467,0.0208
2024-10-14,DE,0,18933,1173,0.022
2024-10-15,AT,0,8590,473,0.0211
2024-10-15,CH,0,8907,517,0.0239
2024-10-15,DE,0,17601,868,0.0186
2024-10-16,AT,0,8589,418,0.0175
2024-10-16,CH,0,9152,466,0.019
2024-10-16,DE,0,17529,850,0.0209
2024-10-17,AT,0,9395,519,0.0217
2024-10-17,CH,0,9738,484,0.0175
2024-10-17,DE,0,16873,945,0.0212
2024-10-18,AT,0,8088,379,0.0194
2024-10-18,CH,0,9553,317,0.0144
2024-10-18,DE,0,17111,965,0.0227
2024-10-19,AT,0,7214,474,0.0249
2024-10-19,CH,0,8255,447,0.0202
2024-10-19,DE,0,12994,733,0.0198
2024-10-20,AT,0,6555,308,0.0176
2024-10-20,CH,0,8244,519,0.0218
2024-10-20,DE,0,17537,1001,0.0237
2024-10-21,AT,0,7405,398,0.0175
2024-10-21,CH,0,8550,358,0.0169
2024-10-21,DE,0,17134,1026,0.0219
2024-10-22,AT,0,8127,537,0.023
2024-10-22,CH,0,9747,646,0.0254
2024-10-22,DE,0,18349,885,0.0178
2024-10-23,AT,0,8341,449,0.0196
2024-10-23,CH,0,7361,280,0.015
2024-10-23,DE,0,18162,1101,0.0239
2024-10-24,AT,0,7611,474,0.0225
2024-10-24,CH,0,9023,478,0.0196
2024-10-24,DE,0,16956,503,0.0115
2024-10-25,AT,0,7531,336,0.0163
2024-10-25,CH,0,9233,584,0.0247
2024-10-25,DE,0,16674,794,0.0174
2024-10-26,AT,1,7327,336,0.0164
2024-10-26,CH,0,7623,413,0.0227
2024-10-26,DE,0,15148,544,0.0131
2024-10-27,AT,0,7375,577,0.0298
2024-10-27,CH,0,8554,487,0.0214
2024-10-27,DE,0,13952,773,0.0227
2024-10-28,AT,0,7421,348,0.0171
2024-10-28,CH,0,10857,635,0.0188
2024-10-28,DE,0,17547,969,0.02
2024-10-29,AT,0,7942,384,0.0182
2024-10-29,CH,0,9307,417,0.0165
2024-10-29,DE,0,17696,851,0.0201
2024-10-30,AT,0,6410,395,0.0242
2024-10-30,CH,0,8579,437,0.0184
2024-10-30,DE,0,15173,776,0.019
2024-10-31,AT,0,7775,321,0.016
2024-10-31,CH,0,9975,544,0.0188
2024-10-31,DE,1,18196,1211,0.0252
2024-11-01,AT,1,8364,536,0.023
2024-11-01,CH,1,11538,907,0.028
2024-11-01,DE,1,17578,1062,0.022
2024-11-02,AT,0,7664,522,0.0236
2024-11-02,CH,0,9279,352,0.0144
2024-11-02,DE,0,15670,1108,0.0276
2024-11-03,AT,0,7669,474,0.023
2024-11-03,CH,0,7620,421,0.0214
2024-11-03,DE,0,15124,916,0.0225
2024-11-04,AT,0,8508,595,0.0248
2024-11-04,CH,0,9357,688,0.0276
2024-11-04,DE,0,16711,676,0.0156
2024-11-05,AT,0,6778,323,0.0181
2024-11-05,CH,0,9853,540,0.0202
2024-11-05,DE,0,15808,600,0.015
2024-11-06,AT,0,8347,511,0.0209
2024-11-06,CH,0,9505,629,0.0226
2024-11-06,DE,0,15850,1030,0.023
2024-11-07,AT,0,8723,646,0.0252
2024-11-07,CH,0,10908,678,0.0221
2024-11-07,DE,0,16076,751,0.0201
2024-11-08,AT,0,7072,413,0.0227
2024-11-08,CH,0,8516,508,0.0207
2024-11-08,DE,0,16721,1072,0.0224
2024-11-09,AT,0,5778,342,0.02
2024-11-09,CH,0,8909,557,0.0217
2024-11-09,DE,0,14247,842,0.0247
2024-11-10,AT,0,7067,542,0.0281
2024-11-10,CH,0,8630,599,0.0252
2024-11-10,DE,0,13515,963,0.0235
2024-11-11,AT,1,10470,668,0.0236
2024-11-11,CH,0,9195,431,0.0222
2024-11-11,DE,0,18277,861,0.0209
2024-11-12,AT,0,6901,446,0.0249
2024-11-12,CH,0,9827,196,0.0082
2024-11-12,DE,0,14314,807,0.0215
2024-11-13,AT,0,7345,548,0.0255
2024-11-13,CH,0,9886,553,0.0227
2024-11-13,DE,0,15758,910,0.0212
2024-11-14,AT,0,8594,456,0.0197
2024-11-14,CH,0,8891,597,0.0258
2024-11-14,DE,0,18987,1201,0.0215
2024-11-15,AT,1,8533,661,0.0257
2024-11-15,CH,0,11417,666,0.021
2024-11-15,DE,0,17512,1050,0.0206
2024-11-16,AT,0,7010,563,0.0279
2024-11-16,CH,0,9467,507,0.0215
2024-11-16,DE,0,13884,1188,0.0309
2024-11-17,AT,0,6642,482,0.0239
2024-11-17,CH,0,8183,414,0.0209
2024-11-17,DE,0,15746,1105,0.0228
2024-11-18,AT,0,9202,626,0.0252
2024-11-18,CH,0,9281,492,0.0184
2024-11-18,DE,0,18748,859,0.0154
2024-11-19,AT,0,7647,534,0.023
2024-11-19,CH,0,9529,510,0.02
2024-11-19,DE,0,16963,886,0.0214
2024-11-20,AT,0,8104,496,0.0226
2024-11-20,CH,0,9690,561,0.0232
2024-11-20,DE,1,20161,1136,0.0207
2024-11-21,AT,0,7569,421,0.0204
2024-11-21,CH,0,8609,560,0.0249
2024-11-21,DE,0,17052,1464,0.0277
2024-11-22,AT,0,9006,492,0.0202
2024-11-22,CH,0,8288,522,0.0226
2024-11-22,DE,0,17573,979,0.0212
2024-11-23,AT,0,6257,437,0.0235
2024-11-23,CH,0,7126,442,0.0218
2024-11-23,DE,0,16740,869,0.0198
2024-11-24,AT,0,7778,475,0.0217
2024-11-24,CH,0,8543,479,0.0232
2024-11-24,DE,0,16565,852,0.0191
2024-11-25,AT,0,7692,485,0.0228
2024-11-25,CH,0,9783,507,0.0199
2024-11-25,DE,0,15009,1087,0.0235
2024-11-26,AT,0,7840,469,0.0215
2024-11-26,CH,0,10244,820,0.0262
2024-11-26,DE,0,18635,1231,0.0261
2024-11-27,AT,0,7593,465,0.0202
2024-11-27,CH,0,10624,606,0.0206
2024-11-27,DE,0,17872,839,0.0177
2024-11-28,AT,0,9702,398,0.0168
2024-11-28,CH,0,10155,593,0.0214
2024-11-28,DE,0,18716,966,0.0214
2024-11-29,AT,0,7128,423,0.0206
2024-11-29,CH,0,10204,541,0.0208
2024-11-29,DE,0,15428,697,0.0162
2024-11-30,AT,0,7147,433,0.0216
2024-11-30,CH,0,7956,498,0.0232
2024-11-30,DE,0,18053,1079,0.0258
2024-12-01,AT,0,6363,345,0.0201
2024-12-01,CH,0,8518,522,0.0233
2024-12-01,DE,0,17172,996,0.0243
2024-12-02,AT,0,6687,280,0.0169
2024-12-02,CH,0,10146,555,0.0223
2024-12-02,DE,0,17022,1187,0.0248
2024-12-03,AT,0,8336,514,0.0219
2024-12-03,CH,0,10733,489,0.0192
2024-12-03,DE,0,15438,811,0.0231
2024-12-04,AT,0,6508,291,0.0158
2024-12-04,CH,0,8606,406,0.0174
2024-12-04,DE,0,17149,1158,0.025
2024-12-05,AT,0,5849,345,0.0253
2024-12-05,CH,0,9265,518,0.0198
2024-12-05,DE,0,16714,1166,0.0241
2024-12-06,AT,0,8392,436,0.0179
2024-12-06,CH,0,9790,602,0.0221
2024-12-06,DE,0,19563,1372,0.0241
2024-12-07,AT,0,8745,323,0.013
2024-12-07,CH,0,8723,312,0.0136
2024-12-07,DE,0,16229,967,0.0219
2024-12-08,AT,1,6249,406,0.0245
2024-12-08,CH,1,7307,456,0.0231
2024-12-08,DE,0,14899,626,0.0168
2024-12-09,AT,0,7891,401,0.0178
2024-12-09,CH,0,10393,716,0.0252
2024-12-09,DE,0,17055,1113,0.0218
2024-12-10,AT,0,6783,450,0.0253
2024-12-10,CH,0,9072,534,0.0227
2024-12-10,DE,0,17434,1246,0.0245
2024-12-11,AT,0,6815,486,0.0266
2024-12-11,CH,0,9498,601,0.0245
2024-12-11,DE,0,17135,1048,0.0231
2024-12-12,AT,0,9139,586,0.0253
2024-12-12,CH,0,10188,597,0.0234
2024-12-12,DE,0,19582,1119,0.0232
2024-12-13,AT,0,7740,498,0.0214
2024-12-13,CH,0,10332,658,0.0234
2024-12-13,DE,0,17754,1265,0.0268
2024-12-14,AT,0,7053,405,0.0216
2024-12-14,CH,0,7697,359,0.018
2024-12-14,DE,0,15838,904,0.0229
2024-12-15,AT,0,6755,466,0.0256
2024-12-15,CH,0,8668,426,0.0177
2024-12-15,DE,0,15924,661,0.0161
2024-12-16,AT,0,7522,370,0.019
2024-12-16,CH,0,8438,465,0.0203
2024-12-16,DE,0,19194,1127,0.0222
2024-12-17,AT,0,6815,375,0.0184
2024-12-17,CH,0,11590,561,0.0162
2024-12-17,DE,0,18203,1022,0.0208
2024-12-18,AT,0,7654,395,0.0235
2024-12-18,CH,0,9628,588,0.0224
2024-12-18,DE,0,18534,926,0.0185
2024-12-19,AT,0,8198,436,0.0204
2024-12-19,CH,0,9880,604,0.0205
2024-12-19,DE,0,17008,661,0.0155
2024-12-20,AT,0,7927,347,0.0193
2024-12-20,CH,0,9109,584,0.025
2024-12-20,DE,0,19969,1086,0.0223
2024-12-21,AT,0,7349,423,0.0219
2024-12-21,CH,0,8220,395,0.0172
2024-12-21,DE,0,13114,814,0.0206
2024-12-22,AT,0,6195,269,0.0159
2024-12-22,CH,0,9339,515,0.0207
2024-12-22,DE,0,14969,1060,0.0256
2024-12-23,AT,0,8932,469,0.0217
2024-12-23,CH,0,8547,411,0.0202
2024-12-23,DE,0,18242,859,0.0163
2024-12-24,AT,0,7958,475,0.0208
2024-12-24,CH,0,8719,563,0.0218
2024-12-24,DE,0,16972,1034,0.024
2024-12-25,AT,1,9048,318,0.0125
2024-12-25,CH,1,13092,819,0.0209
2024-12-25,DE,1,19556,1264,0.0242
2024-12-26,AT,1,7805,374,0.018
2024-12-26,CH,1,10679,668,0.0225
2024-12-26,DE,1,19950,1131,0.0221
2024-12-27,AT,0,8088,350,0.0153
2024-12-27,CH,0,9552,534,0.0214
2024-12-27,DE,0,20028,1258,0.0247
2024-12-28,AT,0,7252,387,0.0212
2024-12-28,CH,0,7225,318,0.0156
2024-12-28,DE,0,16003,725,0.0184
2024-12-29,AT,0,6187,364,0.0246
2024-12-29,CH,0,8059,411,0.0189
2024-12-29,DE,0,16641,721,0.015
2024-12-30,AT,0,8547,467,0.0204
2024-12-30,CH,0,10179,565,0.0216
2024-12-30,DE,0,17101,963,0.0203
2024-12-31,AT,0,6600,381,0.0205
2024-12-31,CH,1,11603,926,0.0285
2024-12-31,DE,0,18415,948,0.0181
2025-01-01,AT,1,7548,507,0.0247
2025-01-01,CH,1,11365,909,0.0273
2025-01-01,DE,1,19446,964,0.0186
2025-01-02,AT,0,7348,398,0.024
2025-01-02,CH,1,11027,775,0.0251
2025-01-02,DE,0,19675,1503,0.0269
2025-01-03,AT,0,8043,640,0.0267
2025-01-03,CH,0,8561,487,0.0235
2025-01-03,DE,0,15625,1018,0.0227
2025-01-04,AT,0,7024,360,0.0199
2025-01-04,CH,0,7673,562,0.0256
2025-01-04,DE,0,16219,1067,0.0237
2025-01-05,AT,0,6600,383,0.0229
2025-01-05,CH,0,9371,463,0.02
2025-01-05,DE,0,15125,662,0.0189
2025-01-06,AT,1,9164,750,0.0305
2025-01-06,CH,1,10223,648,0.0234
2025-01-06,DE,1,19838,1319,0.0237
2025-01-07,AT,0,6856,318,0.0163
2025-01-07,CH,0,10469,572,0.0197
2025-01-07,DE,0,15393,1113,0.0233
2025-01-08,AT,0,7758,484,0.0241
2025-01-08,CH,0,8654,527,0.0226
2025-01-08,DE,0,17623,1011,0.0208
2025-01-09,AT,0,8383,437,0.0204
2025-01-09,CH,0,8858,475,0.0202
2025-01-09,DE,0,20700,988,0.0174
2025-01-10,AT,0,7518,391,0.0168
2025-01-10,CH,0,9269,675,0.0272
2025-01-10,DE,0,16240,833,0.0191
2025-01-11,AT,0,6727,405,0.0233
2025-01-11,CH,0,8083,278,0.0137
2025-01-11,DE,0,17071,1300,0.0273
2025-01-12,AT,0,6143,362,0.0202
2025-01-12,CH,0,8069,446,0.0186
2025-01-12,DE,0,14708,1143,0.0297
2025-01-13,AT,0,7434,364,0.018
2025-01-13,CH,0,9358,647,0.0255
2025-01-13,DE,0,16600,731,0.0148
2025-01-14,AT,0,8150,604,0.0267
2025-01-14,CH,0,9531,532,0.0207
2025-01-14,DE,0,19024,1357,0.0295
2025-01-15,AT,0,8252,479,0.0235
2025-01-15,CH,0,10969,324,0.0129
2025-01-15,DE,0,19796,1203,0.0212
2025-01-16,AT,0,7123,298,0.0172
2025-01-16,CH,0,9035,539,0.0211
2025-01-16,DE,0,14904,1113,0.0261
2025-01-17,AT,0,8358,499,0.022
2025-01-17,CH,0,9904,565,0.0197
2025-01-17,DE,0,17438,1032,0.0233
2025-01-18,AT,0,5202,369,0.0282
2025-01-18,CH,0,9031,565,0.0216
2025-01-18,DE,0,14431,651,0.0194
2025-01-19,AT,0,8039,324,0.0159
2025-01-19,CH,0,8467,457,0.019
2025-01-19,DE,0,16405,1056,0.0252
2025-01-20,AT,0,6253,345,0.0223
2025-01-20,CH,0,9594,603,0.021
2025-01-20,DE,0,18048,1001,0.0201
2025-01-21,AT,0,7046,325,0.0162
2025-01-21,CH,0,7404,292,0.016
2025-01-21,DE,0,16511,860,0.0179
2025-01-22,AT,0,8299,581,0.0273
2025-01-22,CH,0,9189,443,0.0201
2025-01-22,DE,0,17399,1323,0.0281
2025-01-23,AT,0,7953,345,0.0165
2025-01-23,CH,0,8657,496,0.018
2025-01-23,DE,0,16041,1146,0.0253
2025-01-24,AT,0,7435,488,0.0226
2025-01-24,CH,0,11040,567,0.0196
2025-01-24,DE,0,18644,1205,0.0252
2025-01-25,AT,0,7391,386,0.0181
2025-01-25,CH,0,7410,284,0.0143
2025-01-25,DE,0,15050,749,0.0204
2025-01-26,AT,0,6759,343,0.0199
2025-01-26,CH,0,7522,370,0.0207
2025-01-26,DE,0,14863,1048,0.0257
2025-01-27,AT,0,7406,554,0.0271
2025-01-27,CH,0,8848,528,0.0215
2025-01-27,DE,0,15379,725,0.0156
2025-01-28,AT,0,7922,507,0.0201
2025-01-28,CH,0,9856,463,0.0164
2025-01-28,DE,0,17357,860,0.0187
2025-01-29,AT,0,8716,425,0.0185
2025-01-29,CH,0,8815,552,0.0232
2025-01-29,DE,0,15173,1033,0.026
2025-01-30,AT,0,7649,421,0.0215
2025-01-30,CH,0,8323,459,0.0199
2025-01-30,DE,0,19653,1242,0.0212
2025-01-31,AT,0,8108,515,0.0261
2025-01-31,CH,0,10024,617,0.0205
2025-01-31,DE,0,17904,1221,0.024
2025-02-01,AT,0,6096,307,0.0193
2025-02-01,CH,0,9014,516,0.0201
2025-02-01,DE,0,16079,947,0.0222
2025-02-02,AT,0,8006,566,0.0245
2025-02-02,CH,0,9703,663,0.0279
2025-02-02,DE,0,17849,859,0.0178
2025-02-03,AT,0,7614,366,0.02
2025-02-03,CH,0,8707,567,0.0262
2025-02-03,DE,0,17523,1026,0.0224
2025-02-04,AT,0,8348,560,0.0227
2025-02-04,CH,0,8369,449,0.0193
2025-02-04,DE,0,17995,875,0.0204
2025-02-05,AT,0,7651,428,0.0205
2025-02-05,CH,0,9412,452,0.0187
2025-02-05,DE,0,17515,706,0.0171
2025-02-06,AT,0,8426,380,0.0159
2025-02-06,CH,0,8890,502,0.0179
2025-02-06,DE,0,17715,1128,0.0227
2025-02-07,AT,0,7785,307,0.0173
2025-02-07,CH,0,9754,611,0.0241
2025-02-07,DE,0,18393,635,0.0142
2025-02-08,AT,0,6702,530,0.0261
2025-02-08,CH,0,8126,326,0.0185
2025-02-08,DE,0,17929,877,0.0173
2025-02-09,AT,0,7003,525,0.0279
2025-02-09,CH,0,7239,238,0.0147
2025-02-09,DE,0,14283,782,0.0213
2025-02-10,AT,0,8469,427,0.0194
2025-02-10,CH,0,8477,584,0.0256
2025-02-10,DE,0,18384,1030,0.0215
2025-02-11,AT,0,7324,298,0.0138
2025-02-11,CH,0,10603,679,0.0224
2025-02-11,DE,0,15845,854,0.0219
2025-02-12,AT,0,7349,329,0.0182
2025-02-12,CH,0,8729,567,0.0228
2025-02-12,DE,0,18173,1629,0.0302
2025-02-13,AT,0,7656,648,0.0272
2025-02-13,CH,0,9006,581,0.023
2025-02-13,DE,0,18631,891,0.0207
2025-02-14,AT,0,6634,326,0.0198
2025-02-14,CH,0,9030,379,0.0171
2025-02-14,DE,0,15417,998,0.0255
2025-02-15,AT,0,7389,418,0.022
2025-02-15,CH,0,8329,468,0.0221
2025-02-15,DE,0,14266,724,0.0204
2025-02-16,AT,0,6830,399,0.0193
2025-02-16,CH,0,8284,537,0.023
2025-02-16,DE,0,13544,711,0.0208
2025-02-17,AT,0,8183,413,0.0233
2025-02-17,CH,0,10826,689,0.0255
2025-02-17,DE,0,16332,836,0.0183
2025-02-18,AT,0,7753,650,0.0283
2025-02-18,CH,0,10939,609,0.0191
2025-02-18,DE,0,17134,984,0.0204
2025-02-19,AT,0,6503,318,0.0199
2025-02-19,CH,0,9558,437,0.0196
2025-02-19,DE,0,17276,966,0.02
2025-02-20,AT,0,9001,500,0.0219
2025-02-20,CH,0,9353,420,0.0155
2025-02-20,DE,0,18552,1032,0.0205
2025-02-21,AT,0,7823,230,0.0119
2025-02-21,CH,0,10796,542,0.0182
2025-02-21,DE,0,16268,835,0.018
2025-02-22,AT,0,6808,377,0.024
2025-02-22,CH,0,7725,414,0.0188
2025-02-22,DE,0,15834,986,0.0226
2025-02-23,AT,0,6553,387,0.0245
2025-02-23,CH,0,8236,580,0.0271
2025-02-23,DE,0,15288,1034,0.0234
2025-02-24,AT,0,7960,514,0.0212
2025-02-24,CH,0,10354,631,0.0213
2025-02-24,DE,0,18935,1164,0.0206
2025-02-25,AT,0,7638,447,0.0204
2025-02-25,CH,0,9117,508,0.0208
2025-02-25,DE,0,17859,1142,0.0232
2025-02-26,AT,0,6868,362,0.0202
2025-02-26,CH,0,8785,579,0.0233
2025-02-26,DE,0,17889,936,0.0184
2025-02-27,AT,0,7702,518,0.024
2025-02-27,CH,0,10007,789,0.0264
2025-02-27,DE,0,21981,1174,0.0197
2025-02-28,AT,0,7274,468,0.0215
2025-02-28,CH,0,9179,527,0.0223
2025-02-28,DE,0,16797,975,0.0193
2025-03-01,AT,0,6278,359,0.0215
2025-03-01,CH,1,9110,575,0.0209
2025-03-01,DE,0,14302,659,0.0193
2025-03-02,AT,0,6747,307,0.0153
2025-03-02,CH,0,8535,507,0.0202
2025-03-02,DE,0,14186,602,0.015
2025-03-03,AT,0,7256,459,0.0246
2025-03-03,CH,0,7644,304,0.014
2025-03-03,DE,0,21909,1022,0.0197
2025-03-04,AT,0,7360,538,0.0252
2025-03-04,CH,0,9551,508,0.0219
2025-03-04,DE,0,18917,1033,0.0185
2025-03-05,AT,0,7946,496,0.0237
2025-03-05,CH,0,9480,760,0.028
2025-03-05,DE,0,17055,853,0.0188
2025-03-06,AT,0,7794,419,0.0187
2025-03-06,CH,0,9645,492,0.0195
2025-03-06,DE,0,18693,982,0.0202
2025-03-07,AT,0,7313,505,0.0262
2025-03-07,CH,0,7679,482,0.0219
2025-03-07,DE,0,17186,790,0.0165
2025-03-08,AT,0,6798,434,0.0237
2025-03-08,CH,0,7092,327,0.0187
2025-03-08,DE,1,14054,859,0.0214
2025-03-09,AT,0,6604,397,0.0209
2025-03-09,CH,0,7546,365,0.0212
2025-03-09,DE,0,15640,969,0.0231
2025-03-10,AT,0,7334,407,0.0206
2025-03-10,CH,0,10025,627,0.0236
2025-03-10,DE,0,19342,1307,0.0242
2025-03-11,AT,0,8406,531,0.0207
2025-03-11,CH,0,7378,380,0.0175
2025-03-11,DE,0,18960,1170,0.0236
2025-03-12,AT,0,7690,413,0.0202
2025-03-12,CH,0,7124,347,0.0198
2025-03-12,DE,0,15383,971,0.0225
2025-03-13,AT,0,6875,309,0.0174
2025-03-13,CH,0,10187,527,0.0186
2025-03-13,DE,0,19217,857,0.0177
2025-03-14,AT,0,8597,467,0.0209
2025-03-14,CH,0,9983,728,0.0274
2025-03-14,DE,0,18224,878,0.0208
2025-03-15,AT,0,7535,587,0.0264
2025-03-15,CH,0,8544,396,0.0158
2025-03-15,DE,0,15738,573,0.0145
2025-03-16,AT,0,6264,369,0.0193
2025-03-16,CH,0,7699,395,0.019
2025-03-16,DE,0,17077,1149,0.0274
2025-03-17,AT,0,7969,454,0.0201
2025-03-17,CH,0,8163,514,0.0218
2025-03-17,DE,0,16981,1097,0.0211
2025-03-18,AT,0,8507,443,0.019
2025-03-18,CH,0,9750,402,0.0154
2025-03-18,DE,0,16723,972,0.0193
2025-03-19,AT,1,9295,475,0.0189
2025-03-19,CH,1,11147,455,0.0164
2025-03-19,DE,0,16909,956,0.0235
2025-03-20,AT,0,7017,318,0.0176
2025-03-20,CH,0,10249,625,0.0219
2025-03-20,DE,0,17230,651,0.0152
2025-03-21,AT,0,8134,415,0.0199
2025-03-21,CH,0,11089,710,0.0226
2025-03-21,DE,0,18821,1033,0.0208
2025-03-22,AT,0,6817,322,0.017
2025-03-22,CH,0,10281,528,0.0203
2025-03-22,DE,0,14199,792,0.0202
2025-03-23,AT,0,7476,412,0.0207
2025-03-23,CH,0,8583,501,0.0225
2025-03-23,DE,0,16571,495,0.0118
2025-03-24,AT,0,8062,314,0.0139
2025-03-24,CH,0,8617,693,0.0291
2025-03-24,DE,0,17750,1019,0.0207
2025-03-25,AT,0,9977,549,0.0206
2025-03-25,CH,0,8873,575,0.0242
2025-03-25,DE,0,17921,926,0.0199
2025-03-26,AT,0,8322,644,0.0268
2025-03-26,CH,0,9283,520,0.023
2025-03-26,DE,0,17113,1093,0.025
2025-03-27,AT,0,6286,464,0.023
2025-03-27,CH,0,9801,758,0.0277
2025-03-27,DE,0,17401,1134,0.0216
2025-03-28,AT,0,8236,384,0.017
2025-03-28,CH,0,9178,461,0.0192
2025-03-28,DE,0,17027,1221,0.0244
2025-03-29,AT,0,6003,381,0.0253
2025-03-29,CH,0,8076,458,0.0197
2025-03-29,DE,0,15137,807,0.0203
2025-03-30,AT,0,6831,318,0.018
2025-03-30,CH,0,6975,439,0.024
2025-03-30,DE,0,14874,979,0.024
2025-03-31,AT,0,8843,488,0.0214
2025-03-31,CH,0,9822,496,0.0171
2025-03-31,DE,0,17870,764,0.0171
2025-04-01,AT,0,6996,247,0.0144
2025-04-01,CH,0,10565,616,0.0244
2025-04-01,DE,0,20875,1082,0.0204
2025-04-02,AT,0,7878,498,0.0244
2025-04-02,CH,0,10208,544,0.0224
2025-04-02,DE,0,19753,1222,0.022
2025-04-03,AT,0,8902,436,0.0185
2025-04-03,CH,0,9479,593,0.0223
2025-04-03,DE,0,17282,916,0.0199
2025-04-04,AT,0,7042,537,0.0245
2025-04-04,CH,1,10616,763,0.024
2025-04-04,DE,0,15322,874,0.0207
2025-04-05,AT,0,5709,333,0.0198
2025-04-05,CH,0,9176,265,0.011
2025-04-05,DE,0,17760,844,0.0213
2025-04-06,AT,0,5902,399,0.023
2025-04-06,CH,0,8142,329,0.0149
2025-04-06,DE,0,15096,1326,0.0306
2025-04-07,AT,0,7854,549,0.0229
2025-04-07,CH,0,10567,502,0.0172
2025-04-07,DE,0,16222,954,0.0231
2025-04-08,AT,0,9167,494,0.0208
2025-04-08,CH,0,8716,486,0.0186
2025-04-08,DE,0,15367,826,0.0198
2025-04-09,AT,0,7154,423,0.0244
2025-04-09,CH,0,9036,475,0.0226
2025-04-09,DE,0,14551,667,0.017
2025-04-10,AT,0,7622,423,0.0214
2025-04-10,CH,0,11092,682,0.0231
2025-04-10,DE,0,16857,927,0.0224
2025-04-11,AT,0,7996,641,0.03
2025-04-11,CH,0,9992,471,0.0161
2025-04-11,DE,0,18624,950,0.0169
2025-04-12,AT,0,6520,439,0.0246
2025-04-12,CH,0,8024,423,0.0203
2025-04-12,DE,0,12873,615,0.0172
2025-04-13,AT,0,7665,438,0.0216
2025-04-13,CH,0,7833,504,0.0234
2025-04-13,DE,0,17505,1088,0.0221
2025-04-14,AT,0,6547,234,0.0153
2025-04-14,CH,0,10057,591,0.021
2025-04-14,DE,0,17527,793,0.0174
2025-04-15,AT,0,8066,386,0.0162
2025-04-15,CH,0,9141,628,0.0288
2025-04-15,DE,0,15591,716,0.0165
2025-04-16,AT,0,7821,398,0.0201
2025-04-16,CH,0,10578,690,0.0258
2025-04-16,DE,0,15730,848,0.0221
2025-04-17,AT,0,8236,374,0.0182
2025-04-17,CH,0,11406,808,0.0245
2025-04-17,DE,0,17966,1033,0.0193
2025-04-18,AT,0,8634,509,0.0222
2025-04-18,CH,1,10476,619,0.0222
2025-04-18,DE,1,19810,1379,0.0273
2025-04-19,AT,0,7177,419,0.021
2025-04-19,CH,0,8555,606,0.0259
2025-04-19,DE,0,15301,703,0.0176
2025-04-20,AT,1,6915,540,0.0302
2025-04-20,CH,0,7587,522,0.0239
2025-04-20,DE,1,16352,821,0.0205
2025-04-21,AT,1,9781,625,0.0223
2025-04-21,CH,1,11065,749,0.0256
2025-04-21,DE,1,16801,619,0.0148
2025-04-22,AT,0,8315,526,0.025
2025-04-22,CH,0,8705,371,0.018
2025-04-22,DE,0,18488,691,0.0154
2025-04-23,AT,0,8555,622,0.0275
2025-04-23,CH,0,9702,524,0.0207
2025-04-23,DE,0,20320,1054,0.0188
2025-04-24,AT,0,7824,394,0.0192
2025-04-24,CH,0,6972,339,0.0166
2025-04-24,DE,0,18511,1034,0.0233
2025-04-25,AT,0,9001,395,0.0175
2025-04-25,CH,0,8931,481,0.0223
2025-04-25,DE,0,17136,838,0.0153
2025-04-26,AT,0,7769,562,0.0232
2025-04-26,CH,0,9335,527,0.0205
2025-04-26,DE,0,13039,563,0.0173
2025-04-27,AT,0,6510,358,0.0214
2025-04-27,CH,0,9995,693,0.0263
2025-04-27,DE,0,13174,1079,0.0257
2025-04-28,AT,0,7900,331,0.0148
2025-04-28,CH,0,8992,500,0.0199
2025-04-28,DE,0,16750,617,0.0164
2025-04-29,AT,0,8027,437,0.0208
2025-04-29,CH,0,9410,552,0.0196
2025-04-29,DE,0,17115,874,0.0199
2025-04-30,AT,0,7171,416,0.0235
2025-04-30,CH,0,9402,742,0.029
2025-04-30,DE,0,17848,1104,0.0224
2025-05-01,AT,1,8975,813,0.0303
2025-05-01,CH,1,12129,850,0.0243
2025-05-01,DE,1,18702,1014,0.0191
2025-05-02,AT,0,6743,358,0.0191
2025-05-02,CH,0,8880,446,0.018
2025-05-02,DE,0,17519,1207,0.0241
2025-05-03,AT,0,6743,301,0.0161
2025-05-03,CH,0,9000,464,0.0211
2025-05-03,DE,0,13276,540,0.016
2025-05-04,AT,1,7457,586,0.0297
2025-05-04,CH,0,7253,272,0.016
2025-05-04,DE,0,13777,902,0.0236
2025-05-05,AT,0,8619,356,0.0166
2025-05-05,CH,0,9593,645,0.0249
2025-05-05,DE,0,19231,1180,0.0224
2025-05-06,AT,0,8306,516,0.0248
2025-05-06,CH,0,7567,410,0.0203
2025-05-06,DE,0,19389,1191,0.0226
2025-05-07,AT,0,7816,336,0.0162
2025-05-07,CH,0,11292,470,0.0159
2025-05-07,DE,0,19831,1120,0.0214
2025-05-08,AT,0,8387,432,0.0195
2025-05-08,CH,0,10958,695,0.0226
2025-05-08,DE,1,17798,1335,0.0255
2025-05-09,AT,0,7006,400,0.0187
2025-05-09,CH,0,9597,607,0.0222
2025-05-09,DE,0,17420,1027,0.0256
2025-05-10,AT,0,6830,315,0.0175
2025-05-10,CH,0,7662,447,0.0241
2025-05-10,DE,0,15149,807,0.0209
2025-05-11,AT,0,5810,301,0.0175
2025-05-11,CH,0,8509,474,0.0216
2025-05-11,DE,0,18491,1005,0.0208
2025-05-12,AT,0,7699,570,0.0276
2025-05-12,CH,0,9480,443,0.0188
2025-05-12,DE,0,17540,625,0.014
2025-05-13,AT,0,7774,391,0.0232
2025-05-13,CH,0,9197,435,0.0171
2025-05-13,DE,0,19048,907,0.0188
2025-05-14,AT,0,7943,495,0.0208
2025-05-14,CH,0,8516,492,0.0235
2025-05-14,DE,0,19562,1408,0.0257
2025-05-15,AT,0,8477,425,0.017
2025-05-15,CH,0,9015,502,0.0188
2025-05-15,DE,0,16783,859,0.0202
2025-05-16,AT,0,7615,372,0.0178
2025-05-16,CH,0,9782,554,0.0203
2025-05-16,DE,0,15933,711,0.0173
2025-05-17,AT,0,6662,486,0.0264
2025-05-17,CH,0,6697,432,0.0208
2025-05-17,DE,0,13807,588,0.0155
2025-05-18,AT,0,6911,487,0.0242
2025-05-18,CH,0,8363,499,0.0212
2025-05-18,DE,0,15546,1075,0.027
2025-05-19,AT,0,8350,611,0.026
2025-05-19,CH,0,10265,339,0.014
2025-05-19,DE,0,17966,1051,0.0221
2025-05-20,AT,0,7917,537,0.0253
2025-05-20,CH,0,9679,530,0.0185
2025-05-20,DE,0,18672,1224,0.0237
2025-05-21,AT,0,7823,639,0.027
2025-05-21,CH,0,9230,321,0.0142
2025-05-21,DE,0,17097,819,0.0197
2025-05-22,AT,0,7794,452,0.0194
2025-05-22,CH,0,7149,384,0.0202
2025-05-22,DE,0,16230,756,0.0188
2025-05-23,AT,0,8361,487,0.0221
2025-05-23,CH,0,9137,665,0.0248
2025-05-23,DE,0,18192,1153,0.0252
2025-05-24,AT,0,6988,375,0.0209
2025-05-24,CH,0,8138,310,0.0135
2025-05-24,DE,0,15613,716,0.0174
2025-05-25,AT,0,6864,395,0.0219
2025-05-25,CH,0,8678,555,0.0221
2025-05-25,DE,0,14279,846,0.0231
2025-05-26,AT,0,8434,622,0.0255
2025-05-26,CH,0,8504,597,0.028
2025-05-26,DE,0,19093,988,0.0201
2025-05-27,AT,0,7606,488,0.0236
2025-05-27,CH,0,10140,384,0.0151
2025-05-27,DE,0,15526,978,0.0219
2025-05-28,AT,0,6932,441,0.0234
2025-05-28,CH,0,10796,621,0.0201
2025-05-28,DE,0,17930,1543,0.0288
2025-05-29,AT,1,10582,845,0.0281
2025-05-29,CH,1,10672,718,0.0226
2025-05-29,DE,1,18717,1144,0.0219
2025-05-30,AT,0,7974,429,0.0216
2025-05-30,CH,0,9297,348,0.0148
2025-05-30,DE,0,16180,1125,0.0251
2025-05-31,AT,0,5723,276,0.0179
2025-05-31,CH,0,8675,463,0.0224
2025-05-31,DE,0,15576,1109,0.0234
2025-06-01,AT,0,5500,278,0.0191
2025-06-01,CH,0,7726,384,0.019
2025-06-01,DE,0,15459,956,0.0206
2025-06-02,AT,0,7648,376,0.0187
2025-06-02,CH,0,8323,399,0.0188
2025-06-02,DE,0,19023,1021,0.0199
2025-06-03,AT,0,9010,543,0.0233
2025-06-03,CH,0,10159,646,0.0238
2025-06-03,DE,0,17807,962,0.0223
2025-06-04,AT,0,7752,412,0.0209
2025-06-04,CH,0,9164,499,0.0215
2025-06-04,DE,0,15070,676,0.0179
2025-06-05,AT,0,7260,466,0.0245
2025-06-05,CH,0,8519,388,0.0177
2025-06-05,DE,0,16485,1020,0.0232
2025-06-06,AT,0,7031,399,0.0208
2025-06-06,CH,0,8505,522,0.0216
2025-06-06,DE,0,17809,776,0.0167
2025-06-07,AT,0,5581,334,0.0209
2025-06-07,CH,0,7084,396,0.0211
2025-06-07,DE,0,16029,945,0.0231
2025-06-08,AT,1,7767,705,0.0308
2025-06-08,CH,0,8519,430,0.021
2025-06-08,DE,1,16991,1406,0.0307
2025-06-09,AT,1,9698,907,0.0328
2025-06-09,CH,1,9262,621,0.0231
2025-06-09,DE,1,18049,1098,0.0224
2025-06-10,AT,0,7914,499,0.0244
2025-06-10,CH,0,7606,496,0.0222
2025-06-10,DE,0,17261,869,0.0209
2025-06-11,AT,0,7875,410,0.0187
2025-06-11,CH,0,9369,549,0.0229
2025-06-11,DE,0,15983,872,0.0205
2025-06-12,AT,0,7342,379,0.0186
2025-06-12,CH,0,9397,321,0.0153
2025-06-12,DE,0,16608,918,0.0204
2025-06-13,AT,0,7703,264,0.0143
2025-06-13,CH,0,10306,471,0.0176
2025-06-13,DE,0,18900,1085,0.0207
2025-06-14,AT,0,6085,303,0.0179
2025-06-14,CH,0,7233,309,0.0161
2025-06-14,DE,0,14482,924,0.023
2025-06-15,AT,0,6919,487,0.0247
2025-06-15,CH,0,7722,481,0.0223
2025-06-15,DE,0,16411,1086,0.0235
2025-06-16,AT,0,8552,542,0.0231
2025-06-16,CH,0,9774,643,0.0218
2025-06-16,DE,0,17344,1104,0.0219
2025-06-17,AT,0,8571,576,0.0242
2025-06-17,CH,0,8587,522,0.0208
2025-06-17,DE,0,16472,847,0.0188
2025-06-18,AT,0,8692,293,0.0128
2025-06-18,CH,0,10581,447,0.016
2025-06-18,DE,0,18154,883,0.0181
2025-06-19,AT,1,8343,679,0.027
2025-06-19,CH,1,11727,795,0.0248
2025-06-19,DE,1,19087,772,0.0152
2025-06-20,AT,0,6781,433,0.0259
2025-06-20,CH,0,9313,504,0.0197
2025-06-20,DE,0,17252,1051,0.0204
2025-06-21,AT,0,6089,323,0.0202
2025-06-21,CH,0,8077,457,0.0209
2025-06-21,DE,0,13559,534,0.0181
2025-06-22,AT,0,5834,385,0.0233
2025-06-22,CH,0,7760,582,0.0229
2025-06-22,DE,0,14566,742,0.0196
2025-06-23,AT,0,8539,447,0.0195
2025-06-23,CH,0,7980,450,0.0221
2025-06-23,DE,0,19244,1254,0.024
2025-06-24,AT,0,7778,446,0.0269
2025-06-24,CH,0,9993,603,0.0212
2025-06-24,DE,0,16916,1121,0.0246
2025-06-25,AT,0,7128,372,0.021
2025-06-25,CH,0,10505,666,0.0217
2025-06-25,DE,0,16211,634,0.015
2025-06-26,AT,0,7618,402,0.0206
2025-06-26,CH,0,7495,552,0.0266
2025-06-26,DE,0,18688,1468,0.029
2025-06-27,AT,0,7845,482,0.0232
2025-06-27,CH,0,10421,441,0.0167
2025-06-27,DE,0,16294,771,0.0169
2025-06-28,AT,0,6509,358,0.0204
2025-06-28,CH,0,8373,483,0.0209
2025-06-28,DE,0,12807,840,0.0229
2025-06-29,AT,0,5723,337,0.0226
2025-06-29,CH,1,9978,485,0.0168
2025-06-29,DE,0,15822,900,0.0202
2025-06-30,AT,0,8685,587,0.0231
2025-06-30,CH,0,9507,463,0.0203
2025-06-30,DE,0,17769,997,0.0183
2025-07-01,AT,0,7090,342,0.0197
2025-07-01,CH,0,9930,352,0.0126
2025-07-01,DE,0,16946,890,0.0237
2025-07-02,AT,0,7304,555,0.0254
2025-07-02,CH,0,8224,466,0.0212
2025-07-02,DE,0,19510,1380,0.0261
2025-07-03,AT,0,6994,364,0.0194
2025-07-03,CH,0,10499,547,0.0204
2025-07-03,DE,0,18380,1084,0.023
2025-07-04,AT,0,8211,289,0.0148
2025-07-04,CH,0,9066,647,0.0255
2025-07-04,DE,0,18361,860,0.0182
2025-07-05,AT,0,7085,262,0.0142
2025-07-05,CH,0,7978,384,0.0202
2025-07-05,DE,0,16769,1047,0.0244
2025-07-06,AT,0,6884,412,0.0225
2025-07-06,CH,0,8553,361,0.0148
2025-07-06,DE,0,14219,758,0.0187
2025-07-07,AT,0,7543,498,0.024
2025-07-07,CH,0,9609,699,0.0294
2025-07-07,DE,0,15925,1009,0.0222
2025-07-08,AT,0,7345,430,0.0211
2025-07-08,CH,0,9412,754,0.0273
2025-07-08,DE,0,17361,1124,0.0245
2025-07-09,AT,0,9006,629,0.0238
2025-07-09,CH,0,8904,523,0.0218
2025-07-09,DE,0,17163,876,0.0176
2025-07-10,AT,0,7371,374,0.0192
2025-07-10,CH,0,9741,484,0.0186
2025-07-10,DE,0,16292,972,0.0222
2025-07-11,AT,0,7699,397,0.0175
2025-07-11,CH,0,8133,487,0.0215
2025-07-11,DE,0,15841,889,0.0189
2025-07-12,AT,0,7325,412,0.0199
2025-07-12,CH,0,8095,360,0.0153
2025-07-12,DE,0,15501,747,0.0175
2025-07-13,AT,0,6922,395,0.0235
2025-07-13,CH,0,8536,416,0.0185
2025-07-13,DE,0,15024,1370,0.0331
2025-07-14,AT,0,7697,452,0.0208
2025-07-14,CH,0,8216,370,0.0174
2025-07-14,DE,0,16900,1023,0.026
2025-07-15,AT,0,7358,223,0.0123
2025-07-15,CH,0,10550,559,0.0188
2025-07-15,DE,0,17648,1321,0.028
2025-07-16,AT,0,7757,499,0.0212
2025-07-16,CH,0,9039,528,0.0219
2025-07-16,DE,0,14770,866,0.0196
2025-07-17,AT,0,8209,470,0.0213
2025-07-17,CH,0,10246,467,0.0191
2025-07-17,DE,0,18092,837,0.0181
2025-07-18,AT,0,8575,433,0.0189
2025-07-18,CH,0,8318,390,0.0191
2025-07-18,DE,0,16618,1097,0.0223
2025-07-19,AT,0,6120,441,0.026
2025-07-19,CH,0,8570,527,0.0194
2025-07-19,DE,0,16667,916,0.0226
2025-07-20,AT,0,6353,366,0.0206
2025-07-20,CH,0,6972,374,0.0217
2025-07-20,DE,0,13405,745,0.0229
2025-07-21,AT,0,7623,374,0.0191
2025-07-21,CH,0,9078,436,0.0215
2025-07-21,DE,0,17144,935,0.0221
2025-07-22,AT,0,8037,414,0.0197
2025-07-22,CH,0,9702,700,0.0277
2025-07-22,DE,0,15886,919,0.0207
2025-07-23,AT,0,6862,388,0.0213
2025-07-23,CH,0,9722,637,0.0246
2025-07-23,DE,0,19171,1203,0.0231
2025-07-24,AT,0,7574,468,0.0217
2025-07-24,CH,0,9003,331,0.013
2025-07-24,DE,0,16324,731,0.0173
2025-07-25,AT,0,8292,504,0.0229
2025-07-25,CH,0,9403,447,0.0175
2025-07-25,DE,0,18145,917,0.0222
2025-07-26,AT,0,6439,288,0.0173
2025-07-26,CH,0,7830,423,0.0192
2025-07-26,DE,0,14148,968,0.0252
2025-07-27,AT,0,6798,337,0.0182
2025-07-27,CH,0,7269,433,0.0247
2025-07-27,DE,0,13283,1046,0.0292
2025-07-28,AT,0,7122,309,0.0152
2025-07-28,CH,0,8933,724,0.0277
2025-07-28,DE,0,18105,1065,0.0224
2025-07-29,AT,0,7466,334,0.0181
2025-07-29,CH,0,9583,440,0.0177
2025-07-29,DE,0,16354,1348,0.0284
2025-07-30,AT,0,8096,547,0.0258
2025-07-30,CH,0,9562,541,0.0211
2025-07-30,DE,0,18794,1081,0.023
2025-07-31,AT,0,7648,442,0.0248
2025-07-31,CH,0,9473,462,0.0202
2025-07-31,DE,0,19512,970,0.018
2025-08-01,AT,0,9180,585,0.0296
2025-08-01,CH,1,9964,633,0.0262
2025-08-01,DE,0,14917,571,0.0139
2025-08-02,AT,0,6726,329,0.0185
2025-08-02,CH,0,8123,400,0.0181
2025-08-02,DE,0,14116,556,0.014
2025-08-03,AT,0,6530,416,0.0238
2025-08-03,CH,0,7975,584,0.0262
2025-08-03,DE,0,18130,1241,0.0259
2025-08-04,AT,0,7160,409,0.0204
2025-08-04,CH,0,8378,497,0.0233
2025-08-04,DE,0,17513,1234,0.0241
2025-08-05,AT,0,6969,329,0.0152
2025-08-05,CH,0,9006,517,0.0221
2025-08-05,DE,0,16958,988,0.0211
2025-08-06,AT,0,7349,395,0.0205
2025-08-06,CH,0,10263,483,0.0183
2025-08-06,DE,0,18372,1009,0.0205
2025-08-07,AT,0,8184,626,0.0272
2025-08-07,CH,0,8938,496,0.019
2025-08-07,DE,0,19673,1387,0.0252
2025-08-08,AT,0,6734,285,0.0162
2025-08-08,CH,0,10037,854,0.027
2025-08-08,DE,0,20207,1200,0.0196
2025-08-09,AT,0,6622,283,0.015
2025-08-09,CH,0,7498,392,0.0212
2025-08-09,DE,0,15968,1275,0.0324
2025-08-10,AT,0,6122,491,0.0262
2025-08-10,CH,0,7686,359,0.0188
2025-08-10,DE,0,14280,891,0.0225
2025-08-11,AT,0,7625,421,0.0225
2025-08-11,CH,0,8600,433,0.0205
2025-08-11,DE,0,20571,1105,0.0187
2025-08-12,AT,0,8237,393,0.0193
2025-08-12,CH,0,10220,592,0.0178
2025-08-12,DE,0,19330,1137,0.0235
2025-08-13,AT,0,7596,387,0.0194
2025-08-13,CH,0,9114,472,0.0213
2025-08-13,DE,0,19717,1406,0.0253
2025-08-14,AT,0,8466,470,0.0183
2025-08-14,CH,0,10958,753,0.0249
2025-08-14,DE,0,17821,1042,0.0218
2025-08-15,AT,1,7556,540,0.0287
2025-08-15,CH,1,9183,539,0.0237
2025-08-15,DE,1,20360,1190,0.0231
2025-08-16,AT,0,6785,344,0.0193
2025-08-16,CH,0,9352,606,0.0238
2025-08-16,DE,0,13788,695,0.0184
2025-08-17,AT,0,7275,561,0.0262
2025-08-17,CH,0,6452,321,0.0176
2025-08-17,DE,0,15188,925,0.0218
2025-08-18,AT,0,7515,413,0.0216
2025-08-18,CH,0,10537,624,0.0249
2025-08-18,DE,0,16511,1141,0.0261
2025-08-19,AT,0,7103,315,0.017
2025-08-19,CH,0,9757,567,0.0246
2025-08-19,DE,0,16817,890,0.0227
2025-08-20,AT,0,7975,307,0.0143
2025-08-20,CH,0,9493,550,0.022
2025-08-20,DE,0,16254,934,0.0244
2025-08-21,AT,0,8864,570,0.0249
2025-08-21,CH,0,7916,414,0.0199
2025-08-21,DE,0,19260,1329,0.0263
2025-08-22,AT,0,6819,344,0.0226
2025-08-22,CH,0,9373,465,0.019
2025-08-22,DE,0,17959,1166,0.0249
2025-08-23,AT,0,7464,463,0.0203
2025-08-23,CH,0,8235,490,0.0225
2025-08-23,DE,0,16414,797,0.0187
2025-08-24,AT,0,5731,371,0.0242
2025-08-24,CH,0,7960,393,0.0213
2025-08-24,DE,0,14129,919,0.0222
2025-08-25,AT,0,7567,345,0.0162
2025-08-25,CH,0,9907,563,0.021
2025-08-25,DE,0,17210,707,0.0166
2025-08-26,AT,0,8274,654,0.0272
2025-08-26,CH,0,10321,337,0.0142
2025-08-26,DE,0,18121,1382,0.0275
2025-08-27,AT,0,7383,313,0.0175
2025-08-27,CH,0,9734,558,0.021
2025-08-27,DE,0,16890,1060,0.0237
2025-08-28,AT,0,8834,483,0.0183
2025-08-28,CH,0,9104,612,0.0233
2025-08-28,DE,0,16904,889,0.0176
2025-08-29,AT,0,8168,477,0.0222
2025-08-29,CH,0,9913,453,0.0201
2025-08-29,DE,0,13500,837,0.0238
2025-08-30,AT,0,7189,395,0.0209
2025-08-30,CH,0,8837,631,0.0253
2025-08-30,DE,0,14662,1009,0.0269
2025-08-31,AT,0,7211,375,0.0205
2025-08-31,CH,0,7610,510,0.0234
2025-08-31,DE,0,14293,817,0.0205
2025-09-01,AT,0,8221,477,0.0208
2025-09-01,CH,0,10832,515,0.0179
2025-09-01,DE,0,16804,657,0.0155
2025-09-02,AT,0,7481,382,0.0168
2025-09-02,CH,0,10138,532,0.0212
2025-09-02,DE,0,19518,1157,0.0213
2025-09-03,AT,0,8885,561,0.0241
2025-09-03,CH,0,9854,616,0.023
2025-09-03,DE,0,17088,969,0.0187
2025-09-04,AT,0,7589,515,0.0258
2025-09-04,CH,0,9687,583,0.0201
2025-09-04,DE,0,17203,976,0.0194
2025-09-05,AT,0,7355,545,0.0276
2025-09-05,CH,0,8729,446,0.0189
2025-09-05,DE,0,16362,836,0.0189
2025-09-06,AT,0,7866,355,0.0161
2025-09-06,CH,0,8918,342,0.0158
2025-09-06,DE,0,15225,1040,0.0219
2025-09-07,AT,0,8050,449,0.0211
2025-09-07,CH,0,6749,352,0.0211
2025-09-07,DE,0,15685,549,0.0127
2025-09-08,AT,0,6980,440,0.0248
2025-09-08,CH,0,9171,549,0.0233
2025-09-08,DE,0,17559,1021,0.0212
2025-09-09,AT,0,7733,388,0.0167
2025-09-09,CH,0,9697,548,0.02
2025-09-09,DE,0,17454,1025,0.0208
2025-09-10,AT,0,8610,444,0.0209
2025-09-10,CH,0,9906,490,0.0186
2025-09-10,DE,0,16646,972,0.0177
2025-09-11,AT,0,8878,433,0.0197
2025-09-11,CH,1,11431,674,0.0244
2025-09-11,DE,0,16372,839,0.0214
2025-09-12,AT,0,6562,296,0.0187
2025-09-12,CH,0,10060,516,0.0172
2025-09-12,DE,0,17683,818,0.0177
2025-09-13,AT,0,6405,396,0.0236
2025-09-13,CH,0,9026,542,0.022
2025-09-13,DE,0,16656,1061,0.0227
2025-09-14,AT,0,7003,350,0.0185
2025-09-14,CH,0,8109,497,0.0234
2025-09-14,DE,0,12798,864,0.0274
2025-09-15,AT,0,9148,502,0.0198
2025-09-15,CH,0,9701,603,0.0241
2025-09-15,DE,0,19907,1377,0.0246
2025-09-16,AT,0,6700,459,0.0263
2025-09-16,CH,0,8973,375,0.0168
2025-09-16,DE,0,16153,906,0.0215
2025-09-17,AT,0,8537,495,0.0206
2025-09-17,CH,0,7936,572,0.0236
2025-09-17,DE,0,17545,809,0.0201
2025-09-18,AT,0,8271,468,0.0194
2025-09-18,CH,0,10718,466,0.0153
2025-09-18,DE,0,19266,1038,0.0207
2025-09-19,AT,0,7267,452,0.0237
2025-09-19,CH,0,10715,565,0.0194
2025-09-19,DE,0,16617,932,0.0223
2025-09-20,AT,0,6999,367,0.0194
2025-09-20,CH,0,6771,369,0.0219
2025-09-20,DE,1,13348,914,0.0244
2025-09-21,AT,0,6129,363,0.0219
2025-09-21,CH,1,9254,455,0.0175
2025-09-21,DE,0,14951,690,0.017
2025-09-22,AT,0,7420,420,0.0208
2025-09-22,CH,1,11413,571,0.0203
2025-09-22,DE,0,15193,674,0.0174
2025-09-23,AT,0,7367,378,0.0205
2025-09-23,CH,0,7656,396,0.0201
2025-09-23,DE,0,18829,969,0.0197
2025-09-24,AT,1,10391,764,0.0267
2025-09-24,CH,0,8173,481,0.0226
2025-09-24,DE,0,20578,1266,0.0222
2025-09-25,AT,0,8622,265,0.0141
2025-09-25,CH,0,8580,476,0.0191
2025-09-25,DE,0,16917,723,0.0189
2025-09-26,AT,0,7519,322,0.0162
2025-09-26,CH,0,10015,581,0.0205
2025-09-26,DE,0,19025,1143,0.0226
2025-09-27,AT,0,6911,413,0.0242
2025-09-27,CH,0,7401,426,0.0211
2025-09-27,DE,0,15036,846,0.0236
2025-09-28,AT,0,7030,409,0.0211
2025-09-28,CH,0,7915,453,0.0225
2025-09-28,DE,0,14416,749,0.017
2025-09-29,AT,0,7435,514,0.0258
2025-09-29,CH,0,9935,482,0.0229
2025-09-29,DE,0,18879,601,0.0133
2025-09-30,AT,0,9045,469,0.0182
2025-09-30,CH,0,10517,280,0.0103
2025-09-30,DE,0,17291,814,0.0193
2025-10-01,AT,0,7758,435,0.0199
2025-10-01,CH,0,10376,496,0.0199
2025-10-01,DE,0,20563,1269,0.0221
2025-10-02,AT,0,7589,185,0.0117
2025-10-02,CH,0,8564,487,0.0246
2025-10-02,DE,0,16410,1013,0.0235
2025-10-03,AT,0,8693,676,0.0253
2025-10-03,CH,0,10465,535,0.0208
2025-10-03,DE,1,18759,1119,0.0251
2025-10-04,AT,0,6775,292,0.0165
2025-10-04,CH,0,7831,392,0.0174
2025-10-04,DE,0,17413,1113,0.0216
2025-10-05,AT,0,6792,359,0.0175
2025-10-05,CH,0,8809,345,0.015
2025-10-05,DE,0,13751,602,0.0178
2025-10-06,AT,0,9372,573,0.0227
2025-10-06,CH,0,8761,543,0.0255
2025-10-06,DE,0,17894,990,0.0212
2025-10-07,AT,0,6890,494,0.0264
2025-10-07,CH,0,10871,560,0.0209
2025-10-07,DE,0,15902,708,0.0166
2025-10-08,AT,0,7597,445,0.0227
2025-10-08,CH,0,8920,396,0.0182
2025-10-08,DE,0,16766,938,0.0186
2025-10-09,AT,0,7903,367,0.016
2025-10-09,CH,0,9581,362,0.0167
2025-10-09,DE,0,17370,1146,0.0254
2025-10-10,AT,0,7726,514,0.0251
2025-10-10,CH,0,9175,343,0.0147
2025-10-10,DE,0,17885,878,0.0208
2025-10-11,AT,0,6702,320,0.0168
2025-10-11,CH,0,7588,422,0.018
2025-10-11,DE,0,17182,1004,0.0205
2025-10-12,AT,0,6251,325,0.0193
2025-10-12,CH,0,8306,425,0.0219
2025-10-12,DE,0,14194,732,0.0204
2025-10-13,AT,0,7885,314,0.015
2025-10-13,CH,0,8940,485,0.0218
2025-10-13,DE,0,19446,1191,0.0221
2025-10-14,AT,0,8358,436,0.0197
2025-10-14,CH,0,10276,455,0.0168
2025-10-14,DE,0,19639,1403,0.025
2025-10-15,AT,0,7914,405,0.0206
2025-10-15,CH,0,8998,499,0.0216
2025-10-15,DE,0,15260,708,0.0186
2025-10-16,AT,0,7774,473,0.0245
2025-10-16,CH,0,9268,477,0.0202
2025-10-16,DE,0,18645,975,0.0216
2025-10-17,AT,0,7537,351,0.0162
2025-10-17,CH,0,9914,580,0.0218
2025-10-17,DE,0,17202,729,0.0158
2025-10-18,AT,0,6729,329,0.018
2025-10-18,CH,0,7944,501,0.0238
2025-10-18,DE,0,12956,821,0.0229
2025-10-19,AT,0,6050,253,0.0174
2025-10-19,CH,0,8036,521,0.0214
2025-10-19,DE,0,17839,1118,0.024
2025-10-20,AT,0,7051,463,0.0258
2025-10-20,CH,0,8353,459,0.0237
2025-10-20,DE,0,18788,758,0.0161
2025-10-21,AT,0,8127,418,0.0181
2025-10-21,CH,0,9685,718,0.0265
2025-10-21,DE,0,18024,652,0.0134
2025-10-22,AT,0,7079,405,0.0211
2025-10-22,CH,0,9645,496,0.019
2025-10-22,DE,0,15893,843,0.0214
2025-10-23,AT,0,9434,565,0.0232
2025-10-23,CH,0,9284,447,0.0182
2025-10-23,DE,0,18168,1140,0.0211
2025-10-24,AT,0,8280,559,0.0285
2025-10-24,CH,0,9669,449,0.0183
2025-10-24,DE,0,17510,849,0.0183
2025-10-25,AT,0,6271,330,0.0202
2025-10-25,CH,0,7253,455,0.0224
2025-10-25,DE,0,13383,845,0.0224
2025-10-26,AT,1,7241,397,0.0184
2025-10-26,CH,0,8437,558,0.0244
2025-10-26,DE,0,18608,926,0.0188
2025-10-27,AT,0,6801,401,0.0203
2025-10-27,CH,0,9835,581,0.0221
2025-10-27,DE,0,16593,1001,0.0217
2025-10-28,AT,0,7778,332,0.0176
2025-10-28,CH,0,9046,678,0.0287
2025-10-28,DE,0,17415,1112,0.0248
2025-10-29,AT,0,7638,384,0.0184
2025-10-29,CH,0,8930,553,0.0225
2025-10-29,DE,0,19053,1176,0.0229
2025-10-30,AT,0,6816,442,0.0238
2025-10-30,CH,0,8298,554,0.0249
2025-10-30,DE,0,17003,1272,0.0295
2025-10-31,AT,0,7933,539,0.026
2025-10-31,CH,0,8550,607,0.0252
2025-10-31,DE,1,19766,1231,0.0204
2025-11-01,AT,1,6976,391,0.0211
2025-11-01,CH,1,8056,666,0.0292
2025-11-01,DE,1,18084,1045,0.0206
2025-11-02,AT,0,6730,279,0.0181
2025-11-02,CH,0,8257,599,0.0266
2025-11-02,DE,0,15578,852,0.0192
2025-11-03,AT,0,7406,449,0.0223
2025-11-03,CH,0,9475,498,0.0187
2025-11-03,DE,0,18113,1060,0.0218
2025-11-04,AT,0,8642,686,0.0278
2025-11-04,CH,0,9907,530,0.0211
2025-11-04,DE,0,18178,1074,0.0218
2025-11-05,AT,0,8770,631,0.0237
2025-11-05,CH,0,9611,485,0.0208
2025-11-05,DE,0,16490,1105,0.0269
2025-11-06,AT,0,9099,628,0.0243
2025-11-06,CH,0,8241,412,0.023
2025-11-06,DE,0,18173,1102,0.0199
2025-11-07,AT,0,7655,420,0.0209
2025-11-07,CH,0,9675,553,0.0193
2025-11-07,DE,0,16077,742,0.0184
2025-11-08,AT,0,7165,352,0.0185
2025-11-08,CH,0,7897,482,0.0233
2025-11-08,DE,0,15668,660,0.0162
2025-11-09,AT,0,5347,383,0.027
2025-11-09,CH,0,8349,513,0.0236
2025-11-09,DE,0,12275,697,0.0218
2025-11-10,AT,0,8119,584,0.0261
2025-11-10,CH,0,10352,500,0.0175
2025-11-10,DE,0,15156,916,0.0248
2025-11-11,AT,1,9695,575,0.0187
2025-11-11,CH,0,10288,739,0.0233
2025-11-11,DE,0,18755,1050,0.0185
2025-11-12,AT,0,8563,555,0.0217
2025-11-12,CH,0,8847,357,0.0162
2025-11-12,DE,0,18680,821,0.0175
2025-11-13,AT,0,6979,416,0.02
2025-11-13,CH,0,10064,622,0.0227
2025-11-13,DE,0,18453,987,0.0201
2025-11-14,AT,0,6489,418,0.023
2025-11-14,CH,0,8539,496,0.0237
2025-11-14,DE,0,19503,974,0.0184
2025-11-15,AT,1,8787,463,0.0175
2025-11-15,CH,0,9127,784,0.031
2025-11-15,DE,0,16533,1051,0.0238
2025-11-16,AT,0,6444,307,0.0194
2025-11-16,CH,0,8698,391,0.0193
2025-11-16,DE,0,14829,550,0.0149
2025-11-17,AT,0,7036,390,0.0224
2025-11-17,CH,0,8984,371,0.0172
2025-11-17,DE,0,18001,1002,0.0205
2025-11-18,AT,0,8319,381,0.0187
2025-11-18,CH,0,10972,668,0.022
2025-11-18,DE,0,19136,855,0.0168
2025-11-19,AT,0,7429,435,0.0222
2025-11-19,CH,0,9235,544,0.0204
2025-11-19,DE,1,19576,1200,0.0205
2025-11-20,AT,0,7824,534,0.0234
2025-11-20,CH,0,9472,576,0.0229
2025-11-20,DE,0,18931,1274,0.022
2025-11-21,AT,0,7582,357,0.0173
2025-11-21,CH,0,9207,341,0.0161
2025-11-21,DE,0,15139,880,0.021
2025-11-22,AT,0,7073,283,0.0159
2025-11-22,CH,0,8070,417,0.0212
2025-11-22,DE,0,13971,763,0.0221
2025-11-23,AT,0,6346,327,0.0203
2025-11-23,CH,0,8239,396,0.0212
2025-11-23,DE,0,16171,1100,0.0247
2025-11-24,AT,0,8296,304,0.0154
2025-11-24,CH,0,8717,542,0.0224
2025-11-24,DE,0,14581,722,0.0176
2025-11-25,AT,0,7565,371,0.0204
2025-11-25,CH,0,8513,532,0.0216
2025-11-25,DE,0,17533,598,0.0116
2025-11-26,AT,0,7374,378,0.0196
2025-11-26,CH,0,10164,547,0.0207
2025-11-26,DE,0,17715,931,0.0181
2025-11-27,AT,0,7906,442,0.0187
2025-11-27,CH,0,8961,555,0.0226
2025-11-27,DE,0,16432,846,0.0186
2025-11-28,AT,0,8142,402,0.0182
2025-11-28,CH,0,10038,616,0.0215
2025-11-28,DE,0,20305,1501,0.0267
2025-11-29,AT,0,6861,446,0.0253
2025-11-29,CH,0,8335,568,0.0237
2025-11-29,DE,0,15858,922,0.0238
2025-11-30,AT,0,7254,459,0.0211
2025-11-30,CH,0,7666,338,0.0147
2025-11-30,DE,0,16107,820,0.0184
2025-12-01,AT,0,8706,499,0.0217
2025-12-01,CH,0,9719,372,0.015
2025-12-01,DE,0,17141,1062,0.0228
2025-12-02,AT,0,8155,504,0.0204
2025-12-02,CH,0,10159,528,0.02
2025-12-02,DE,0,12659,774,0.0216
2025-12-03,AT,0,7855,401,0.0196
2025-12-03,CH,0,10697,471,0.0173
2025-12-03,DE,0,18202,1137,0.0206
2025-12-04,AT,0,6948,404,0.0229
2025-12-04,CH,0,9680,606,0.0224
2025-12-04,DE,0,17990,1179,0.0225
2025-12-05,AT,0,8570,384,0.0165
2025-12-05,CH,0,10279,623,0.0217
2025-12-05,DE,0,18071,713,0.0179
2025-12-06,AT,0,7488,312,0.0135
2025-12-06,CH,0,8072,466,0.0212
2025-12-06,DE,0,14571,906,0.0237
2025-12-07,AT,0,6526,394,0.0215
2025-12-07,CH,0,8425,561,0.0237
2025-12-07,DE,0,16322,1038,0.0215
2025-12-08,AT,1,9140,634,0.024
2025-12-08,CH,1,10491,574,0.0202
2025-12-08,DE,0,17035,1080,0.0226
2025-12-09,AT,0,8164,621,0.0272
2025-12-09,CH,0,9476,645,0.0217
2025-12-09,DE,0,19865,778,0.015
2025-12-10,AT,0,9179,518,0.0242
2025-12-10,CH,0,9052,592,0.0225
2025-12-10,DE,0,18836,1367,0.0264
2025-12-11,AT,0,9632,548,0.019
2025-12-11,CH,0,9583,733,0.0292
2025-12-11,DE,0,17038,1157,0.0236
2025-12-12,AT,0,7818,495,0.0247
2025-12-12,CH,0,9777,468,0.0182
2025-12-12,DE,0,16933,1101,0.0222
2025-12-13,AT,0,7168,434,0.0201
2025-12-13,CH,0,8450,559,0.024
2025-12-13,DE,0,17815,1138,0.0236
2025-12-14,AT,0,7053,388,0.0243
2025-12-14,CH,0,9201,500,0.0207
2025-12-14,DE,0,15150,930,0.023
2025-12-15,AT,0,7739,476,0.0224
2025-12-15,CH,0,11811,675,0.0224
2025-12-15,DE,0,17798,911,0.0173
2025-12-16,AT,0,8474,452,0.0197
2025-12-16,CH,0,8906,455,0.0177
2025-12-16,DE,0,15704,832,0.0195
2025-12-17,AT,0,8629,316,0.013
2025-12-17,CH,0,9188,529,0.0214
2025-12-17,DE,0,20635,1033,0.0195
2025-12-18,AT,0,7565,372,0.0178
2025-12-18,CH,0,10125,453,0.018
2025-12-18,DE,0,16632,952,0.0268
2025-12-19,AT,0,8661,570,0.0246
2025-12-19,CH,0,9691,619,0.0231
2025-12-19,DE,0,15920,1371,0.0306
2025-12-20,AT,0,7320,472,0.024
2025-12-20,CH,0,7662,456,0.0234
2025-12-20,DE,0,13709,775,0.0209
2025-12-21,AT,0,6362,342,0.0188
2025-12-21,CH,0,7877,412,0.0177
2025-12-21,DE,0,16384,1248,0.0274
2025-12-22,AT,0,7770,318,0.0173
2025-12-22,CH,0,10041,684,0.0231
2025-12-22,DE,0,16649,1012,0.0238
2025-12-23,AT,0,8383,442,0.0191
2025-12-23,CH,0,11904,456,0.015
2025-12-23,DE,0,15872,562,0.0148
2025-12-24,AT,0,8670,383,0.0164
2025-12-24,CH,0,8973,401,0.018
2025-12-24,DE,0,16088,750,0.0169
2025-12-25,AT,1,8448,605,0.0243
2025-12-25,CH,1,10168,527,0.0187
2025-12-25,DE,1,17172,513,0.012
2025-12-26,AT,1,7553,548,0.025
2025-12-26,CH,1,10498,725,0.0247
2025-12-26,DE,1,18432,1156,0.0209
2025-12-27,AT,0,6672,381,0.0205
2025-12-27,CH,0,8713,536,0.0197
2025-12-27,DE,0,14384,934,0.0241
2025-12-28,AT,0,6996,453,0.023
2025-12-28,CH,0,8439,305,0.0145
2025-12-28,DE,0,15167,737,0.0181
2025-12-29,AT,0,7110,510,0.0245
2025-12-29,CH,0,8011,451,0.0211
2025-12-29,DE,0,16294,933,0.0216
2025-12-30,AT,0,7930,334,0.0158
2025-12-30,CH,0,9099,716,0.028
2025-12-30,DE,0,16012,1091,0.0245
2025-12-31,AT,0,7936,354,0.017
2025-12-31,CH,1,11132,549,0.0197
2025-12-31,DE,0,16794,969,0.0215
2026-01-01,AT,1,7491,514,0.0251
2026-01-01,CH,1,10484,576,0.0236
2026-01-01,DE,1,17746,1062,0.0232
2026-01-02,AT,0,6644,397,0.0222
2026-01-02,CH,1,10280,629,0.023
2026-01-02,DE,0,16011,644,0.0153
2026-01-03,AT,0,7101,354,0.0196
2026-01-03,CH,0,7659,390,0.0191
2026-01-03,DE,0,16001,952,0.0186
2026-01-04,AT,0,6315,326,0.0191
2026-01-04,CH,0,8332,561,0.0231
2026-01-04,DE,0,16438,1201,0.0256
2026-01-05,AT,0,7903,420,0.0203
2026-01-05,CH,0,9248,500,0.0194
2026-01-05,DE,0,20418,815,0.0182
2026-01-06,AT,1,8308,672,0.0318
2026-01-06,CH,1,11024,676,0.0215
2026-01-06,DE,1,18477,1258,0.025
2026-01-07,AT,0,7408,670,0.0325
2026-01-07,CH,0,10337,806,0.0255
2026-01-07,DE,0,17933,1275,0.0256
2026-01-08,AT,0,6831,411,0.0239
2026-01-08,CH,0,8759,498,0.021
2026-01-08,DE,0,18758,824,0.0177
2026-01-09,AT,0,8438,446,0.0203
2026-01-09,CH,0,9416,423,0.0187
2026-01-09,DE,0,20042,1102,0.0214
2026-01-10,AT,0,7768,516,0.023
2026-01-10,CH,0,8333,414,0.0183
2026-01-10,DE,0,14373,688,0.0187
2026-01-11,AT,0,7051,386,0.0194
2026-01-11,CH,0,7674,361,0.0172
2026-01-11,DE,0,13466,564,0.0157
2026-01-12,AT,0,8648,568,0.0215
2026-01-12,CH,0,9629,695,0.023
2026-01-12,DE,0,16566,1136,0.0249
2026-01-13,AT,0,8397,502,0.0217
2026-01-13,CH,0,9737,549,0.0227
2026-01-13,DE,0,17917,882,0.0184
2026-01-14,AT,0,7896,351,0.0166
2026-01-14,CH,0,8399,560,0.0265
2026-01-14,DE,0,18068,1138,0.0235
2026-01-15,AT,0,7955,430,0.0195
2026-01-15,CH,0,8607,481,0.0209
2026-01-15,DE,0,19199,1154,0.021
2026-01-16,AT,0,7814,524,0.0237
2026-01-16,CH,0,8728,512,0.0199
2026-01-16,DE,0,16728,675,0.0147
2026-01-17,AT,0,6888,341,0.0162
2026-01-17,CH,0,7665,356,0.0161
2026-01-17,DE,0,16218,1039,0.023
2026-01-18,AT,0,6699,365,0.0207
2026-01-18,CH,0,8631,387,0.0188
2026-01-18,DE,0,14747,753,0.0182
2026-01-19,AT,0,7457,586,0.0264
2026-01-19,CH,0,8863,540,0.0208
2026-01-19,DE,0,18171,1010,0.019
2026-01-20,AT,0,8111,472,0.0206
2026-01-20,CH,0,8613,505,0.0207
2026-01-20,DE,0,16109,924,0.019
2026-01-21,AT,0,7851,441,0.0203
2026-01-21,CH,0,7464,452,0.0246
2026-01-21,DE,0,18868,1027,0.0197
2026-01-22,AT,0,7490,449,0.0219
2026-01-22,CH,0,9783,623,0.0219
2026-01-22,DE,0,17743,509,0.0114
2026-01-23,AT,0,8223,440,0.0188
2026-01-23,CH,0,9971,321,0.0127
2026-01-23,DE,0,17419,945,0.0198
2026-01-24,AT,0,6232,307,0.019
2026-01-24,CH,0,8367,475,0.0203
2026-01-24,DE,0,16772,829,0.0199
2026-01-25,AT,0,6131,377,0.0246
2026-01-25,CH,0,8852,544,0.0231
2026-01-25,DE,0,15670,830,0.0199
2026-01-26,AT,0,7309,479,0.0254
2026-01-26,CH,0,7921,427,0.0194
2026-01-26,DE,0,17040,1106,0.0288
2026-01-27,AT,0,7667,383,0.0175
2026-01-27,CH,0,8567,572,0.0232
2026-01-27,DE,0,16888,901,0.021
2026-01-28,AT,0,8394,555,0.0236
2026-01-28,CH,0,9608,241,0.0103
2026-01-28,DE,0,18917,1213,0.0238
2026-01-29,AT,0,7851,381,0.0192
2026-01-29,CH,0,11112,488,0.0191
2026-01-29,DE,0,17073,942,0.0206
2026-01-30,AT,0,8705,527,0.0237
2026-01-30,CH,0,10556,648,0.021
2026-01-30,DE,0,17376,972,0.0203
2026-01-31,AT,0,6810,336,0.0199
2026-01-31,CH,0,8471,530,0.0226
2026-01-31,DE,0,16257,675,0.0167
2026-02-01,AT,0,6894,338,0.0195
2026-02-01,CH,0,8783,736,0.029
2026-02-01,DE,0,12829,847,0.024
2026-02-02,AT,0,6761,275,0.0155
2026-02-02,CH,0,8148,538,0.0226
2026-02-02,DE,0,18295,894,0.016
2026-02-03,AT,0,7740,392,0.0179
2026-02-03,CH,0,10528,602,0.0195
2026-02-03,DE,0,16541,1025,0.0216
2026-02-04,AT,0,7753,475,0.023
2026-02-04,CH,0,10293,787,0.03
2026-02-04,DE,0,15945,832,0.0191
2026-02-05,AT,0,7247,379,0.0214
2026-02-05,CH,0,9066,470,0.0199
2026-02-05,DE,0,22000,1465,0.0221
2026-02-06,AT,0,8178,417,0.0177
2026-02-06,CH,0,8739,258,0.0113
2026-02-06,DE,0,19398,1081,0.0223
2026-02-07,AT,0,6579,402,0.0247
2026-02-07,CH,0,8539,508,0.0193
2026-02-07,DE,0,16677,793,0.0158
2026-02-08,AT,0,6372,417,0.0223
2026-02-08,CH,0,8274,581,0.0255
2026-02-08,DE,0,15499,478,0.0117
2026-02-09,AT,0,8969,581,0.0211
2026-02-09,CH,0,10206,667,0.022
2026-02-09,DE,0,18529,1062,0.0202
2026-02-10,AT,0,7596,474,0.0248
2026-02-10,CH,0,9547,601,0.0227
2026-02-10,DE,0,16161,713,0.0164
2026-02-11,AT,0,8094,256,0.0128
2026-02-11,CH,0,9253,652,0.0224
2026-02-11,DE,0,17549,1022,0.0198
2026-02-12,AT,0,8127,371,0.0164
2026-02-12,CH,0,9268,614,0.0225
2026-02-12,DE,0,16160,968,0.0221
2026-02-13,AT,0,8436,406,0.0192
2026-02-13,CH,0,10474,489,0.021
2026-02-13,DE,0,15048,666,0.0164
2026-02-14,AT,0,6496,306,0.0176
2026-02-14,CH,0,8649,342,0.0132
2026-02-14,DE,0,17939,972,0.023
2026-02-15,AT,0,6848,414,0.0199
2026-02-15,CH,0,8391,517,0.0245
2026-02-15,DE,0,10962,692,0.0236
2026-02-16,AT,0,7294,470,0.0259
2026-02-16,CH,0,8172,482,0.0219
2026-02-16,DE,0,19297,957,0.0179
2026-02-17,AT,0,7851,577,0.0251
2026-02-17,CH,0,9079,629,0.0213
2026-02-17,DE,0,18832,956,0.0194
2026-02-18,AT,0,7504,479,0.0229
2026-02-18,CH,0,10213,722,0.0247
2026-02-18,DE,0,17539,1083,0.0229
2026-02-19,AT,0,7420,527,0.0232
2026-02-19,CH,0,10764,501,0.0203
2026-02-19,DE,0,19034,898,0.0194
2026-02-20,AT,0,8131,529,0.023
2026-02-20,CH,0,9338,557,0.0238
2026-02-20,DE,0,20613,1006,0.0189
2026-02-21,AT,0,5893,332,0.0226
2026-02-21,CH,0,8133,453,0.0186
2026-02-21,DE,0,15134,842,0.0212
2026-02-22,AT,0,6425,486,0.0286
2026-02-22,CH,0,8822,580,0.0233
2026-02-22,DE,0,15201,867,0.0209
2026-02-23,AT,0,7280,457,0.025
2026-02-23,CH,0,9468,505,0.0217
2026-02-23,DE,0,13786,1015,0.0276
2026-02-24,AT,0,7485,514,0.0254
2026-02-24,CH,0,7630,454,0.0215
2026-02-24,DE,0,18414,776,0.0162
2026-02-25,AT,0,6703,402,0.0229
2026-02-25,CH,0,10533,841,0.0265
2026-02-25,DE,0,16441,1110,0.0261
2026-02-26,AT,0,8880,487,0.0189
2026-02-26,CH,0,8646,477,0.0198
2026-02-26,DE,0,18693,913,0.0187
2026-02-27,AT,0,9046,433,0.018
2026-02-27,CH,0,11664,892,0.0262
2026-02-27,DE,0,17113,1013,0.0255
2026-02-28,AT,0,7023,348,0.018
2026-02-28,CH,0,7976,408,0.0179
2026-02-28,DE,0,13422,472,0.0142
2026-03-01,AT,0,6648,362,0.0201
2026-03-01,CH,1,8190,485,0.0222
2026-03-01,DE,0,14112,553,0.0153
2026-03-02,AT,0,7850,436,0.0216
2026-03-02,CH,0,10861,474,0.0198
2026-03-02,DE,0,14326,734,0.0174
2026-03-03,AT,0,7410,410,0.0206
2026-03-03,CH,0,9931,499,0.0186
2026-03-03,DE,0,18135,981,0.0217
2026-03-04,AT,0,7491,387,0.0221
2026-03-04,CH,0,9425,539,0.02
2026-03-04,DE,0,15080,690,0.017
2026-03-05,AT,0,7287,368,0.02
2026-03-05,CH,0,8189,445,0.0192
2026-03-05,DE,0,18867,1288,0.0242
2026-03-06,AT,0,8943,515,0.0211
2026-03-06,CH,0,8974,390,0.0154
2026-03-06,DE,0,16338,908,0.0211
2026-03-07,AT,0,6490,333,0.0209
2026-03-07,CH,0,9100,437,0.0208
2026-03-07,DE,0,14949,987,0.0281
2026-03-08,AT,0,6682,313,0.0177
2026-03-08,CH,0,8790,368,0.0152
2026-03-08,DE,1,16393,1074,0.0272
2026-03-09,AT,0,6002,306,0.0171
2026-03-09,CH,0,8741,386,0.0169
2026-03-09,DE,0,16486,838,0.0191
2026-03-10,AT,0,8382,639,0.0256
2026-03-10,CH,0,9343,493,0.0187
2026-03-10,DE,0,14986,980,0.0231
2026-03-11,AT,0,8272,400,0.0194
2026-03-11,CH,0,9118,613,0.0244
2026-03-11,DE,0,18300,892,0.018
2026-03-12,AT,0,8605,584,0.0212
2026-03-12,CH,0,8903,379,0.018
2026-03-12,DE,0,16083,998,0.0198
2026-03-13,AT,0,7543,561,0.0279
2026-03-13,CH,0,9748,428,0.0198
2026-03-13,DE,0,17650,813,0.0168
2026-03-14,AT,0,7601,510,0.0269
2026-03-14,CH,0,7866,423,0.0178
2026-03-14,DE,0,13372,559,0.0168
2026-03-15,AT,0,6489,276,0.0174
2026-03-15,CH,0,6998,326,0.016
2026-03-15,DE,0,14616,999,0.0243
2026-03-16,AT,0,8268,455,0.0203
2026-03-16,CH,0,10660,504,0.0184
2026-03-16,DE,0,18323,814,0.0172
2026-03-17,AT,0,8190,351,0.0145
2026-03-17,CH,0,10026,300,0.0129
2026-03-17,DE,0,17928,891,0.0188
2026-03-18,AT,0,7554,487,0.0229
2026-03-18,CH,0,9259,639,0.0264
2026-03-18,DE,0,18195,987,0.0198
2026-03-19,AT,0,8762,411,0.0206
2026-03-19,CH,1,10544,887,0.027
2026-03-19,DE,0,20008,1198,0.0204
2026-03-20,AT,0,7840,424,0.0217
2026-03-20,CH,0,9006,577,0.0209
2026-03-20,DE,0,18381,723,0.0159
2026-03-21,AT,0,6876,329,0.0197
2026-03-21,CH,0,7132,437,0.0246
2026-03-21,DE,0,14082,680,0.018
2026-03-22,AT,0,7196,358,0.019
2026-03-22,CH,0,8341,421,0.0202
2026-03-22,DE,0,16067,1126,0.0254
2026-03-23,AT,0,7475,509,0.0253
2026-03-23,CH,0,8659,551,0.022
2026-03-23,DE,0,16798,625,0.0137
2026-03-24,AT,0,7855,426,0.0195
2026-03-24,CH,0,9389,561,0.0212
2026-03-24,DE,0,17540,1184,0.0216
2026-03-25,AT,0,8747,577,0.0233
2026-03-25,CH,0,8669,585,0.0236
2026-03-25,DE,0,19453,1158,0.0237
2026-03-26,AT,0,8225,335,0.0162
2026-03-26,CH,0,11726,602,0.0197
2026-03-26,DE,0,16692,877,0.0207
2026-03-27,AT,0,7656,351,0.0185
2026-03-27,CH,0,10157,628,0.0239
2026-03-27,DE,0,18288,1010,0.0222
2026-03-28,AT,0,5642,243,0.0163
2026-03-28,CH,0,7965,462,0.0229
2026-03-28,DE,0,16864,847,0.0214
2026-03-29,AT,0,6743,333,0.0182
2026-03-29,CH,0,7959,491,0.0213
2026-03-29,DE,0,15154,964,0.022
2026-03-30,AT,0,7495,496,0.0248
2026-03-30,CH,0,8983,302,0.0146
2026-03-30,DE,0,16968,1110,0.0239
2026-03-31,AT,0,8288,435,0.0217
2026-03-31,CH,0,8423,368,0.0164
2026-03-31,DE,0,15428,724,0.016
